depth,gas_methane,gas_co2,temperature,humidity,pressure,accidents,soil_type,water_nearby,mining_intensity,lifetime
1926,237,151,45.2695017768942,62.344076420884505,100.40278893187421,6,rocky,no,medium,10.66
1660,108,54,37.017080387899355,90.70726585964935,95.79280284631191,4,rocky,no,high,17.83
1930,128,135,35.17481446096067,73.62917286426064,100.65850560313247,4,rocky,yes,low,15.67
1895,252,83,42.91431571114948,78.96163374936472,104.08018545421662,0,sandy,no,low,15.01
1844,109,104,30.13764497901052,93.88230342177656,98.9631262549822,8,rocky,no,high,13.81
921,223,168,30.191600816230633,62.3297654769978,97.963258018998,0,clay,no,medium,19.41
1266,247,163,35.476720227546444,82.69113026082334,96.4346945701802,4,clay,yes,low,15.49
1130,98,194,30.91803406252053,62.59368979012035,96.51445521935358,9,sandy,yes,high,17.71
887,97,75,32.70064385326729,73.14141249632752,99.32771484341819,8,clay,no,high,17.39
1923,80,185,38.47151623346879,88.13350908177064,100.9567982416153,3,rocky,no,low,13.6
1671,157,96,50.06464198949532,75.1715281464472,95.80615405169601,7,sandy,no,high,11.64
930,194,162,44.30121608423252,94.90138238660327,104.39568589025166,5,rocky,no,medium,16.58
1569,254,125,42.81669314891041,79.56707497313107,102.55133617445196,2,sandy,yes,high,15.63
1143,273,121,37.33722058020304,71.24067534225837,100.86623918283662,3,sandy,no,medium,17.17
1605,299,138,53.293842985820405,67.70389640666636,103.2843867093899,1,rocky,yes,medium,12.95
1185,192,95,39.92537603092979,72.26821870001567,95.80186756812114,0,clay,yes,low,19.16
1755,193,82,32.17731916989429,73.03866458158427,99.76838877733124,7,clay,yes,high,12.28
1076,245,50,45.42666290294503,62.40497872033863,101.30093126861664,0,sandy,no,medium,17.78
1984,258,196,32.845959836915036,72.93509697993706,103.28652906118289,0,rocky,yes,medium,14.07
1259,142,80,38.6305785700423,76.24834819087287,102.83469560049268,3,rocky,yes,high,19.5
821,211,191,42.68529846794522,85.29582132835816,97.770692497134,9,sandy,no,medium,14.87
1052,208,102,51.85556311712939,82.98553196525629,104.40880169559205,9,clay,no,high,16.22
1547,87,97,42.338664508502966,84.80679793302039,96.2434584143087,5,rocky,no,low,17.7
1656,236,118,47.55646915079161,60.29272886569,103.75133618621152,8,clay,yes,medium,12.81
1274,134,154,54.820420974976756,67.61835898531876,104.70940249604618,0,clay,no,medium,17.92
1882,182,139,33.28722799744954,83.15895009399497,96.77153523222626,6,sandy,yes,high,14.53
1310,210,112,36.86828813798799,76.93962788629115,102.22066064203786,9,sandy,yes,high,16.04
1499,111,122,39.86440188994116,60.185971648392105,95.40285518777999,4,clay,no,high,16.05
1775,89,138,40.545704463470784,88.15731248511378,99.05422825139155,7,rocky,yes,high,14.16
989,281,62,40.27552688163864,87.04833506516181,100.16283299197674,6,rocky,yes,medium,15.35
1757,290,122,52.69027506391387,79.1946707047747,100.80645225909635,3,sandy,yes,low,11.23
1486,189,126,47.850816111671406,62.32621640216952,104.3593724824856,3,clay,yes,low,14.16
1757,241,117,45.197630352267595,86.82802673364046,101.72250687294195,5,rocky,no,low,11.99
1362,203,147,37.734317946569554,80.42997557059773,99.81277951219236,5,rocky,yes,low,15.66
1631,166,174,50.59475960553237,87.36859920052856,103.0967503626589,8,sandy,no,high,11.56
1954,134,151,53.876512787124724,86.31114473385442,104.50532820954409,4,clay,yes,medium,13.52
1446,299,181,50.52995706375566,88.1050725185243,95.2206614868229,7,rocky,yes,medium,11.75
820,111,151,30.039127629786822,78.13028232416187,104.8252127225604,4,sandy,no,medium,19.99
1640,257,68,45.91003425458518,64.91135813677303,95.8613213906368,1,rocky,yes,high,15.07
966,214,131,31.278384536052517,83.49051156828911,103.14386779268762,5,rocky,yes,medium,17.23
1187,172,190,36.44018050834305,81.71658247681897,97.80334752551413,8,rocky,yes,high,14.63
1400,87,72,31.48811750869429,85.97886155196805,96.32179657753872,2,sandy,yes,medium,19.02
1115,144,132,45.09488632373469,65.94583521177573,99.39855639713835,0,clay,yes,low,19.65
813,136,158,47.16474783731517,66.82413199651012,101.43956579447614,0,sandy,yes,high,20.25
1041,146,124,32.86219095164763,91.1643331026765,98.80951845023475,2,clay,no,medium,18.99
1576,295,178,39.59597207612449,86.24922294582248,95.54565408282699,9,rocky,no,low,11.08
1364,294,137,41.40591272388855,91.7879971045113,100.99461139658716,4,clay,no,low,15.11
1697,266,103,39.22632554402291,86.55503624073722,104.02403276110675,2,rocky,yes,low,15.75
891,151,138,33.02562501212983,80.90043570966057,98.83215365947251,8,rocky,yes,high,16.44
1755,133,192,40.47369475468689,82.89464579597558,97.16332777630826,7,sandy,yes,high,12.56
1308,146,114,48.779451195210456,91.11947733790035,99.42577345932816,2,rocky,no,medium,18.28
1575,130,125,31.775191613331387,80.25823640791792,95.4836271104878,8,sandy,yes,low,14.08
834,176,192,32.004500352047586,82.13369635149355,103.20487584480274,5,clay,no,medium,18.94
1005,171,198,38.86928229589961,65.47668506012602,103.26340810950187,6,clay,yes,medium,16.83
1904,87,196,53.54314279047313,76.5872427040636,100.88000463429628,3,rocky,yes,low,14.66
1825,241,109,46.714316168072855,85.07389891853346,98.53102888938389,3,sandy,yes,medium,14.88
1821,114,142,46.96674891681412,69.48299444107279,102.99783364445783,1,rocky,no,high,16.55
1365,175,98,39.047999770946625,67.07889631835872,100.54687024788367,4,sandy,yes,medium,16.64
1929,167,84,44.84151978021346,70.98393828785454,103.25932308550016,7,sandy,no,low,12.01
1502,157,151,30.253279600693585,68.45252197974918,101.31458792583021,6,sandy,yes,high,14.96
1201,111,60,45.902401160238554,67.52194229627385,102.84405473212797,6,clay,yes,high,16.33
1529,199,148,52.83217368940592,74.86977950038305,100.9856299321776,5,sandy,no,medium,11.91
961,125,159,45.31433670862048,91.7743479859237,99.14141068215666,2,clay,yes,medium,20.35
1001,223,123,51.84246483665862,77.74708763585514,104.57945859926137,4,sandy,yes,high,18.0
1795,275,58,48.09932638665234,66.5772133285363,100.41113824878845,0,clay,yes,medium,14.24
1069,244,52,33.01396041009225,62.69400842833059,101.05089518540538,6,clay,yes,low,18.11
1615,261,134,52.561332682146045,84.36546507982739,97.20487639414749,8,clay,no,medium,10.88
1255,292,75,31.661096108894373,73.39795675527357,101.25650789427277,0,rocky,no,medium,15.9
1816,221,121,43.3491868136941,88.76408313048758,100.71607649482944,1,sandy,yes,high,15.86
1095,134,97,33.55342809483644,83.08287690242696,96.84838397947026,2,rocky,yes,medium,19.67
1519,255,166,30.2926652682726,87.8684507689479,95.59587097353143,2,sandy,no,medium,16.61
1137,289,61,40.55085650319097,69.5181113796457,101.04359319714771,7,sandy,yes,medium,13.29
1678,86,182,37.37601769135391,84.23256228613704,102.63692269350321,6,rocky,no,low,15.41
1876,153,97,42.15001234494007,69.24216946428015,100.23401370922008,5,clay,yes,medium,12.89
1591,86,86,44.42999716836377,92.8673967807602,97.26772625319646,9,sandy,no,low,14.89
1016,240,93,31.093476807723682,82.2730998536681,101.66521976693035,9,clay,no,low,16.21
1563,230,64,33.07508237809364,71.35791300613697,95.80105726609602,3,rocky,no,low,16.37
987,164,92,43.966059911260636,69.43291518022954,99.41833704801955,8,clay,no,low,16.47
1179,226,136,38.579183829316456,66.68243047750752,96.6336675839842,0,sandy,yes,high,16.83
1292,191,119,48.229337188736196,84.31243356128047,96.84459051059883,1,sandy,yes,low,18.45
1864,204,95,46.3072912147985,67.65504645492746,97.02293949158204,3,sandy,no,medium,14.69
1980,226,157,51.14010907474767,80.83561430746212,98.86707057043978,2,rocky,no,low,11.55
814,115,172,47.31232066673063,69.2622259423875,95.51150205620398,0,sandy,no,medium,20.2
864,108,70,40.748276934753704,83.1689130677854,98.97793440929098,4,rocky,no,low,21.69
1320,267,156,46.82416555986081,88.52289049891887,100.117074471147,6,clay,yes,high,13.4
1952,161,129,36.884529356385464,87.23088351006285,99.83294284966325,1,sandy,no,low,14.63
1447,81,96,37.657837469455316,86.62979658257736,98.8278410040304,4,sandy,no,low,18.41
1886,208,166,49.72462899801983,66.57028419922882,103.39146608070753,5,sandy,no,high,10.92
1962,126,173,41.160487910039556,63.09347314445815,96.45326692420504,6,clay,no,low,12.54
1392,276,192,49.95950851295881,84.4632089970585,100.05696743781374,0,sandy,no,medium,15.07
1191,227,74,50.56055934170696,72.89215248280229,95.62041416956555,6,rocky,no,low,14.89
1218,90,85,51.4390584415321,75.13211792411715,95.71155678877909,3,clay,no,low,19.87
1088,209,100,52.91588089603018,61.09021824776869,100.73865849677097,7,clay,yes,low,12.44
1178,274,64,40.7746305128324,69.08517572462672,100.66018424887821,3,clay,no,high,17.12
1030,294,117,37.97167045802847,61.178674135606244,103.78033512844456,5,clay,no,low,16.38
1817,198,70,44.55496866485285,90.77150204104368,100.57873675660073,8,clay,no,low,11.68
840,219,190,39.27931058594069,68.51888391264856,104.5979102040485,4,rocky,yes,medium,18.42
1851,99,68,45.02685417000583,79.50680093505528,95.4869484839993,3,clay,yes,low,15.09
934,84,83,47.639646566095614,61.36427622313956,95.98007684780741,7,sandy,yes,low,17.57
1000,116,127,47.210125462303424,83.33965869569803,95.44065861570381,8,clay,no,low,16.11
1579,245,174,39.36382217550303,71.30595710139329,96.8527685033354,3,clay,no,low,15.01
1729,216,166,34.17150504246882,91.4271715435183,100.41270110941679,2,clay,no,medium,13.31
1856,132,101,40.76323346155519,91.08413661269125,101.45572181427428,7,clay,yes,medium,15.25
1871,251,76,33.56485360204772,71.38517164266118,95.45585157948669,4,clay,no,high,12.99
1302,178,84,52.25242587959521,91.53363134916637,104.459708898456,1,rocky,yes,low,18.78
1206,165,185,38.64693651844644,94.86551857245726,103.42165376650381,9,rocky,yes,high,15.19
1604,187,193,33.861493680583095,88.88954824433819,97.96612482157093,8,clay,yes,high,13.02
898,103,155,30.636193997643772,89.57049717143302,95.77187530226468,2,rocky,yes,low,20.76
1483,160,195,46.14555965716211,68.71530576381815,96.69887073219057,1,sandy,yes,medium,17.57
1525,281,51,45.92255793636858,80.18458396002147,96.26944413754973,0,clay,no,medium,15.77
1760,237,126,38.51510416453229,62.353956988857874,96.23283779298947,7,sandy,no,low,10.91
1412,199,181,31.792797221191275,63.322127788758436,100.18561688665734,2,sandy,yes,low,17.22
1442,138,139,40.2407223723808,94.96124142116517,97.458474424934,6,clay,no,medium,15.95
1828,294,138,37.78043737658484,71.43237372990689,98.58139716529145,0,sandy,no,low,15.31
1302,207,143,46.92801599337523,86.18643692170963,104.89505333384322,0,sandy,yes,low,17.71
1566,288,56,45.14448123631726,88.23327685593858,101.84314248925345,8,sandy,yes,low,11.46
1197,193,144,39.1148432049385,90.03081448525302,104.48980667047002,7,clay,no,medium,15.8
1670,194,157,35.447313856374755,94.91699040907548,96.42556555033116,2,clay,no,high,15.36
1594,288,123,54.70089915388979,68.45237698399038,98.82139474832569,5,sandy,no,high,11.26
1192,93,88,41.35004052990287,61.41227894008949,100.54731803282354,2,clay,no,low,20.41
1006,88,190,47.20685589450593,74.39170312981051,95.76758061888738,3,clay,yes,medium,20.85
1838,119,120,33.51382418945902,64.55282344401314,95.04187443627958,0,sandy,no,low,16.84
1691,273,105,42.139742491484945,60.78490612067193,101.70434333796918,4,clay,yes,medium,11.89
1663,104,91,30.688417996736636,72.61493894995202,101.41819516801435,0,rocky,yes,low,18.67
1542,182,85,42.63637794776125,87.43083878763328,99.10788809999612,0,clay,no,medium,18.34
1363,280,133,54.10043517794256,79.81632419287749,99.89644076032033,9,rocky,no,medium,11.59
1820,101,167,39.60516782464501,70.94722962236239,99.1544300059209,6,sandy,no,high,15.0
895,83,56,30.97490031437279,82.90197019224519,95.24005044844888,5,clay,yes,low,21.72
1284,233,103,30.77389477298359,68.12063631080838,98.35371606217463,1,sandy,yes,high,16.75
1030,265,178,39.69966899867174,60.50335061252298,96.77082255397289,1,sandy,yes,high,16.7
1548,108,169,34.00062341157985,86.75236852527496,95.98424189101368,6,sandy,yes,medium,14.27
1994,188,155,30.583802408204647,81.83100797024032,104.5672043388935,0,sandy,no,low,16.46
1340,177,96,48.90534034875442,86.6805918575336,100.99359725042166,1,sandy,yes,medium,15.96
1859,294,172,41.463075222047266,61.3628305840683,102.28656284236602,7,clay,yes,medium,8.27
1324,116,190,37.23111929931636,89.29918697407282,98.15363743266117,5,rocky,no,medium,16.29
1983,154,168,52.50207957541202,81.68341700127061,98.93147129494015,1,clay,yes,low,14.67
1909,149,199,32.90347400501314,79.7188372749424,97.36923993896724,6,clay,yes,low,12.26
1377,225,167,53.89797072388298,81.8614916840086,95.96965670965425,3,clay,no,medium,14.53
1481,207,70,37.84916793443382,90.25516364039274,96.79031637441584,1,clay,yes,low,17.34
1356,164,186,52.210091807717035,80.54277772956175,102.97514045296487,5,rocky,yes,medium,15.06
1812,121,75,45.07357191198654,80.33326329608627,101.77545805183776,8,clay,yes,low,12.1
1445,179,58,50.66768399353718,94.6737704973018,100.46928875985476,8,sandy,yes,low,13.39
1595,120,64,54.6003290802616,86.48555584739988,99.75089872866768,7,clay,no,high,16.32
1851,245,59,37.21013594546864,75.48028319078973,104.22434283656125,2,clay,yes,medium,14.95
989,113,171,54.028387135189824,84.75889500115247,95.72734947778669,2,rocky,no,high,19.97
1432,96,170,39.73704737256051,73.62306650921259,97.80600813237916,1,rocky,yes,high,18.4
1427,244,174,39.63779761842306,68.01064118692247,98.49937853570714,4,sandy,no,medium,14.12
1772,232,121,38.509677606362644,80.88981569107158,102.82425812212787,3,clay,no,medium,14.54
1509,201,98,43.53519018368963,92.48637343398829,104.92514620161971,6,clay,no,low,15.33
1448,155,140,33.853626079462174,92.51988320054119,97.40670514757153,3,clay,yes,medium,18.13
1117,166,86,43.84278713395028,71.96668473369216,103.7430733413708,8,sandy,yes,high,15.71
1483,196,117,43.5426203102501,78.46871131775933,103.30622760431791,1,rocky,yes,high,17.8
1463,185,99,49.04754531512175,67.40725644994514,97.24657397641766,5,sandy,no,medium,12.32
1936,165,68,50.841249048439636,94.84708883246091,98.99332580199223,6,clay,yes,high,13.91
1241,292,149,41.0110337578106,94.33912677537775,99.0967286929252,3,rocky,yes,low,15.16
1363,106,109,37.55833123378734,82.73281253976066,104.78220668526558,5,rocky,yes,high,17.99
1936,136,138,36.48337243292736,88.15449208871156,96.80891901378898,6,sandy,yes,low,12.8
1751,110,195,34.865595917621796,85.0285056449295,102.99157971104782,3,rocky,no,high,14.43
1904,213,196,31.441189554975622,80.7605376663814,98.3419271417311,7,rocky,no,low,11.71
1498,298,118,38.561199470867834,61.86717989461142,102.30870345776161,8,clay,yes,low,10.0
912,247,98,36.75619230326958,75.91675198934314,99.20011004295662,0,clay,yes,medium,19.46
801,177,157,54.160434646660185,83.61752057585937,100.7835976311654,6,rocky,yes,low,16.38
1441,91,168,43.9427206562511,83.71360648592896,103.32611773326131,8,rocky,no,medium,14.7
1019,132,198,38.68192597576269,73.05929164478343,103.04165564983884,9,sandy,yes,high,16.37
1654,278,199,44.5116900248424,92.95921953303107,103.664231835397,4,sandy,no,high,12.05
1184,217,86,33.479917533642386,65.85749612828734,95.5961732534466,1,rocky,no,high,18.91
1953,252,192,41.10109373005507,77.51258061754461,101.92050553039745,9,clay,yes,low,9.66
1876,224,60,45.65585803552659,84.1809391792788,96.39987376721763,5,rocky,yes,high,12.37
1529,233,187,42.222445794811286,84.39975320621332,99.1581856801841,6,rocky,yes,high,12.39
1046,292,127,40.044470016358105,82.70236348690855,100.48588415054688,1,clay,no,medium,18.97
1635,299,126,54.84620972249245,69.63508747081511,99.0273948474683,1,clay,no,medium,13.4
1002,269,51,52.00786905372318,65.46722990403177,100.19611675803007,9,sandy,yes,high,14.48
922,201,113,45.58514895398601,82.25791143893488,104.96526308798619,9,sandy,no,high,16.07
1200,125,84,44.23443402955707,80.97557406488032,96.35217313712855,0,sandy,yes,low,19.09
1566,143,56,45.5165119956146,66.27746036012343,101.75456045336426,3,sandy,yes,low,15.81
1093,209,134,35.03280269556083,84.67987009496971,98.96000966385616,6,clay,no,high,16.87
1079,133,195,39.87844358160797,75.93101971067797,96.3300979890733,8,rocky,no,medium,13.71
1683,186,116,30.986488322272482,83.37162070611035,96.5873676337431,2,sandy,no,high,16.09
997,272,91,41.88865093717067,89.30784779195528,104.49273106245617,6,sandy,no,low,15.21
1781,130,167,43.57561459894158,65.94049500019231,103.79601496711763,6,clay,yes,medium,14.31
1551,260,174,35.69374340258024,60.67007037988928,104.07041960415022,6,clay,yes,medium,12.78
943,115,73,54.10072117913784,87.26859052385254,104.91532775827386,1,rocky,yes,low,22.12
1408,194,95,52.73636527343105,81.33940988034155,97.08315390008518,5,rocky,no,high,14.99
1947,105,68,48.05358088639765,84.48738493677426,98.55439337364062,1,clay,yes,high,16.29
986,108,117,43.334665719134065,89.3354241246025,101.69219029924867,5,sandy,no,high,18.72
1263,228,151,51.749228991192126,88.09838271885752,99.83802539860648,9,sandy,no,low,12.31
1459,90,91,33.26630859558657,93.63220514250887,99.18389533378334,2,sandy,no,medium,22.04
1563,119,81,49.762744856872125,78.75772775982414,98.57811249335593,1,rocky,yes,low,18.56
1754,90,158,33.12052034917121,77.09734714309668,100.93780631943451,5,sandy,no,high,14.32
1202,243,85,49.855266563735135,74.06605199617556,100.75593428640082,1,sandy,no,low,19.99
946,192,146,36.894189206283926,65.37918649954716,96.6145783406424,4,clay,no,medium,17.5
1971,266,180,51.927264525454724,80.04125315087079,99.71739837518439,1,sandy,no,low,12.5
1663,118,122,53.60105234563495,69.69543835140925,100.5347177620985,2,clay,no,high,16.91
1288,133,185,33.71989923512789,92.24576292745414,100.70286938731391,2,sandy,no,medium,16.96
1728,177,146,41.56689012663484,80.41167814969842,97.10107192912352,5,rocky,no,low,12.96
1350,134,172,54.52468445406713,80.74940631778385,102.42271392252287,5,sandy,no,low,17.09
1137,190,119,42.085185899328664,72.42236313069535,95.25199094821069,9,sandy,no,medium,14.39
1671,231,62,51.588688062863625,61.81962731921976,98.54831855543162,2,clay,no,medium,15.6
1440,229,98,44.718288053283,61.1110317880546,102.80212648535634,2,clay,no,high,15.33
1272,148,109,39.38324769799004,74.81673004536191,100.63892921055402,0,clay,no,medium,19.34
950,135,179,37.14458888814676,62.95978823340332,97.61162432510861,6,sandy,yes,high,19.23
1062,112,54,35.08057727715218,81.23964344390487,101.94953119343047,7,sandy,yes,low,18.93
943,115,76,49.04495478444243,90.83405519738801,100.67390944156074,1,rocky,no,high,20.9
1145,227,198,39.6635126705757,90.90201857815528,102.96243609456387,3,sandy,no,low,15.98
1423,290,57,42.78188655501878,83.06658935462814,102.35025186189823,9,rocky,no,medium,11.72
1816,160,99,42.30813700002955,67.39311410155258,101.10107922036235,6,clay,yes,low,14.55
1680,269,116,44.431975730828285,90.20488909756052,99.88177675310814,7,clay,yes,medium,12.6
801,188,93,51.6394286406138,91.01327023596228,96.33182125667524,0,clay,yes,low,19.79
1696,280,174,54.518483589585735,66.88287547335355,97.61333017885384,3,rocky,no,low,12.06
1053,233,107,40.18960521434542,85.80991300197371,99.19099472917085,5,sandy,no,low,16.74
1252,273,52,50.687973052657576,70.0281842124493,100.99299287006389,2,clay,no,low,16.62
1860,152,135,49.11319486636794,88.09241093235254,100.13707855215304,4,sandy,no,high,13.3
1983,280,119,44.338223786389335,94.9033264966261,97.8818452595953,9,sandy,yes,low,10.31
1814,119,179,53.90117859029833,61.050910186528746,95.0646435778971,8,clay,no,high,11.44
808,96,51,35.01186288821007,91.40780530268262,99.96239221900814,2,rocky,yes,medium,23.14
1922,208,151,32.73160525774053,81.79206867595303,97.85625988562244,4,sandy,yes,medium,12.48
1615,296,84,51.349049173885554,94.06839167076873,102.34608300710535,7,clay,no,high,11.0
1007,140,147,40.978745415843704,76.27533311342496,95.23946265270483,5,sandy,yes,medium,20.61
1954,250,79,51.17422135517651,89.65857756999807,100.84827811305792,3,sandy,yes,medium,14.58
1203,183,165,52.32725512988537,62.1837924009397,104.41474237506065,7,sandy,yes,low,14.1
951,121,57,31.561439840476787,71.73476675274036,96.744092671115,2,sandy,yes,low,22.9
853,104,199,52.086619074651516,62.34557882129235,99.71649490750596,2,sandy,no,low,20.63
1943,118,93,41.20797638423555,94.13700967176746,95.91421991817138,3,rocky,no,high,14.9
1427,114,85,42.76081222510581,88.59408675451428,101.25681912261352,8,rocky,yes,high,14.83
1386,210,126,45.664812777330255,89.83915974360897,100.50531680596225,4,clay,no,medium,16.28
903,187,80,53.15956516825217,92.8287831001863,99.07365524212832,7,rocky,yes,low,17.29
1053,251,96,30.4779023607441,62.97862201419249,100.21377021473741,5,rocky,no,high,16.29
1935,258,104,41.92108670794543,73.49591573796667,103.9657465846901,2,rocky,no,high,13.89
1309,181,155,47.19305106076402,62.48622111654007,96.96294302311067,7,sandy,no,low,12.62
898,177,170,48.06767394245571,67.377758554251,95.22564511705347,8,sandy,no,high,15.7
952,91,104,47.3133107884277,68.02780219631853,103.61664884699101,7,clay,no,low,16.72
1713,98,193,33.360878235203046,76.41875238666526,100.77117082387906,3,clay,yes,medium,14.87
1677,180,61,37.484889709292034,69.3996758608775,103.90658455461842,5,clay,no,medium,14.14
1137,123,194,38.96788813542534,63.53423373862164,100.96945223413172,0,sandy,yes,medium,19.83
1621,266,193,50.11093019198762,65.86218811829377,103.10161089959702,3,rocky,yes,low,11.94
1986,128,189,36.96899681036383,65.15464472432318,99.29673363355148,7,rocky,no,high,10.62
1756,268,185,35.26762409668008,94.05768792693044,102.49859931288269,0,sandy,yes,medium,15.34
960,96,52,53.936200475952404,86.57523774214658,104.13041466889857,2,clay,no,medium,22.36
1600,153,193,30.221582127836722,93.87165128443468,100.72122963722207,0,clay,yes,medium,18.39
1197,136,79,54.94552139204946,75.3909170277768,96.8078515056238,8,clay,yes,high,17.27
1615,134,72,46.92053247143489,69.74289685819298,97.68797615030198,1,sandy,no,high,18.72
1958,126,141,50.71173248622793,87.94026190232154,96.98644576897406,8,clay,no,low,11.21
1200,91,164,37.36548490865483,71.41888713144013,97.46857027595733,3,clay,no,medium,19.37
1439,141,153,30.3578819416765,70.47841807968719,98.06415449351036,1,sandy,no,high,18.09
1856,159,167,48.44673796403825,68.13770972727409,100.55133786753188,3,rocky,yes,low,14.68
1487,295,54,50.8536149250169,64.53876423784824,100.87991629463832,9,sandy,no,medium,11.03
1259,162,153,48.51190329883798,68.9762071355868,99.26499747241861,5,sandy,yes,high,14.92
1754,87,157,33.57125718252097,72.43619119658607,101.15420779820835,6,sandy,yes,high,16.2
1269,228,114,48.83569805642423,83.58979728510056,95.81574925611366,2,sandy,yes,low,17.04
1845,160,170,49.22306955269103,62.189769477680805,95.8778823705816,2,rocky,yes,medium,13.3
1549,294,79,46.46351289175137,67.367742888287,96.71829460357658,9,clay,yes,medium,10.38
837,197,198,49.15289831988966,88.31582741020867,100.18077498040344,7,sandy,yes,high,15.47
1029,287,133,51.1480359919433,65.14226732543197,97.13994678698313,4,rocky,no,medium,14.25
1362,277,199,45.340102855936465,71.99258012828825,97.83284403492577,3,clay,yes,low,13.57
1237,279,81,32.21511784924198,90.2630622650349,99.00312836172994,6,clay,yes,high,15.78
826,104,65,42.190695241680274,65.4223858900205,103.11866124010379,6,clay,yes,high,19.56
1025,289,87,31.941233366790126,62.895789246636646,95.1386213591286,8,sandy,no,low,14.27
1597,168,191,40.18857577581077,76.95882982780037,101.49378820236622,8,sandy,no,high,14.15
1083,91,85,40.17766222814069,70.58468289474877,101.68876531040685,4,clay,yes,medium,17.43
1678,222,163,31.65024610350604,79.71929275693489,102.98655780356637,7,clay,no,medium,12.95
1759,138,115,38.72051334923698,88.13317116692163,104.32752939060313,9,clay,yes,high,12.76
1252,233,154,32.774952469782875,64.80019708534601,95.2013784894929,0,clay,no,low,16.85
1819,188,134,50.20588025023055,80.32446795939998,96.53783705513216,8,clay,yes,low,11.66
1615,105,51,53.69220064911177,77.69280661364525,103.86171294055993,7,clay,no,medium,14.57
1458,126,124,31.807911881448465,65.04275751046198,99.58518562187015,5,rocky,no,low,17.68
1346,111,116,53.877880182292536,81.83994699351439,100.64590638933464,2,clay,no,high,18.83
1872,89,104,43.06441498341863,69.577414625127,101.63027203723148,2,sandy,yes,high,18.07
816,95,55,37.48914194884685,77.07420114904043,101.79066604495637,7,sandy,yes,medium,19.3
1995,278,199,31.921551881904087,62.87953134969717,104.31740403316508,4,sandy,yes,medium,12.31
957,224,192,42.51560670176045,76.08544200247681,104.9694941741167,9,clay,no,medium,13.1
1276,230,135,49.86288861226872,70.7262213814987,102.2015746093094,6,sandy,no,low,14.02
1869,105,109,47.677161931667456,88.7833423914874,97.87221209205151,4,rocky,yes,high,14.52
1317,292,150,31.255650286599344,61.99425544490789,103.79752402294343,7,clay,no,high,13.69
898,165,61,31.822545884197588,74.65125462214155,95.49220914540761,9,sandy,yes,high,17.99
1860,214,98,40.071832065815926,76.04509984460033,97.31080852874496,9,rocky,yes,medium,10.09
1079,93,91,37.382262351198584,85.37521267046915,103.97385717463715,3,rocky,yes,high,20.97
1296,158,131,35.8096080764012,80.10006512815738,97.56191514439355,1,sandy,yes,low,18.34
1101,196,84,37.02511247271784,83.35243180179634,97.20651059621748,2,rocky,no,low,18.22
980,86,183,50.08706858242212,87.19672499781146,96.38125293140247,7,sandy,no,high,17.34
1406,216,116,53.230701340796344,90.1771040780366,103.59111757646916,6,rocky,no,medium,12.63
1922,194,129,40.12756736318916,70.98564238528647,100.00058259191087,1,clay,yes,high,15.53
1499,255,56,52.652775053312425,78.8307946877366,101.74893203054155,5,clay,no,low,13.84
1792,151,63,38.03739253119705,89.403782745372,97.39066384075029,8,clay,yes,low,13.57
1939,138,122,41.910924658594794,94.63078958377697,102.58040421011216,3,clay,yes,low,14.8
990,294,192,35.65072494539999,91.13317588653172,102.60005544962098,8,clay,yes,high,15.75
1052,161,198,46.0119010543961,73.00135419185318,98.125980249083,1,sandy,yes,low,20.05
1780,195,115,54.47452787937022,66.83082810265276,99.10682633010283,1,clay,yes,medium,15.92
1727,246,140,45.087327401084465,77.12873880923061,97.09690277430201,8,clay,yes,high,10.86
1984,225,179,38.945352102838726,85.95745081426148,104.76561023322904,6,clay,no,high,10.02
927,266,69,46.19543614976321,77.23991747636542,101.45602577058412,6,clay,no,low,16.25
817,182,59,33.07301696163469,76.9113302159784,104.34543880715515,0,rocky,no,low,22.34
1365,96,74,52.21647700663497,89.33806473786302,98.03385543629133,5,clay,no,medium,18.09
1369,93,74,42.577098769495905,72.64913226735152,102.8189091299689,6,clay,yes,high,17.31
1485,238,103,41.23374355099105,90.0928136184076,102.65858643884742,5,sandy,yes,low,13.6
1425,231,82,44.646619711337976,74.23816803331033,101.91655651866542,5,rocky,no,medium,14.22
1653,187,144,45.619596569735066,71.48815869874188,104.656389752668,1,sandy,no,low,14.99
1761,267,63,31.794395155662826,75.88964689198946,98.93555336106316,5,clay,no,high,13.94
954,124,114,47.06543053058506,86.6856435536204,96.30717323589758,3,sandy,no,low,20.25
1289,177,159,36.048292007888236,64.4100709752398,101.7170885924406,8,sandy,no,high,15.03
1584,210,129,47.848815812664746,66.8746725555206,102.29309800477206,0,clay,no,low,16.32
1927,116,103,50.56336985960492,93.30056889820821,100.75060573458815,7,rocky,no,high,10.95
1045,250,174,50.098962688813,66.14220695834751,97.06817893133396,4,rocky,no,medium,13.73
1999,247,180,43.812524185197226,79.8704561275869,100.04455941669356,0,sandy,yes,high,13.16
1862,297,183,43.00424730776878,80.27600633316783,98.1218973656913,3,clay,yes,medium,11.77
1558,262,74,33.571899033485295,77.13685617175857,99.27466528166688,0,sandy,yes,high,18.07
1337,294,190,49.38365376007839,82.56608370018864,101.45218575844663,5,sandy,yes,medium,13.05
1720,187,166,36.78523451116786,68.04393540291665,102.45214742690834,1,sandy,no,low,14.5
1207,118,185,42.417385570448666,79.34317937218619,97.32224690901343,4,clay,yes,high,18.08
1324,94,198,37.106852323187915,73.0260639336414,99.05325360646954,6,clay,no,low,16.25
1627,199,74,33.34570907499233,83.15835408702162,97.69161570991629,1,rocky,yes,medium,16.75
1702,83,128,45.73894242229341,64.94282401806024,96.98631613861869,5,clay,no,high,13.52
835,172,117,31.358300870572595,79.98070958938166,102.83387219995838,5,sandy,no,high,19.26
1484,293,61,48.716130853155,66.48446243841633,104.09252694436992,4,sandy,yes,low,13.99
819,232,81,37.93966988152792,69.75250720902628,98.70232185684577,4,rocky,yes,high,17.56
1120,220,177,30.003367325112134,67.65484301132541,102.51278924373767,2,clay,no,high,18.42
1311,289,145,42.77822848093074,66.3993222954086,103.9699528936441,9,sandy,no,low,12.33
1199,240,141,31.17129771319008,88.89988330462334,103.46124210530232,9,rocky,no,high,14.22
1453,95,190,36.904238945522486,69.99976486813117,96.82813388539226,1,rocky,yes,low,18.15
1771,249,80,47.6744121863929,92.44933236525573,104.56291881513361,6,sandy,yes,low,13.39
1270,187,127,31.567240540546646,93.94742838708169,98.76676440429462,0,sandy,no,low,19.79
1966,205,69,50.98346230890006,79.9941164477984,98.39240661173837,5,clay,yes,low,11.68
1915,273,195,30.09549806646458,65.00503929330043,95.6243132727778,5,rocky,no,low,10.89
1633,134,109,36.170596730047556,73.10918851828535,99.86173654104883,2,sandy,yes,medium,17.56
1526,249,183,48.52260140380179,87.9206292171875,96.09013615640929,1,rocky,yes,medium,12.97
1653,113,142,37.90675374323267,72.85867550439747,97.48539820927427,1,clay,yes,low,16.39
850,237,92,32.547309701650335,63.04560264059761,98.16942621767281,8,sandy,yes,medium,17.05
1374,92,179,39.0058479700107,79.48747188248657,103.08826323491684,4,clay,yes,medium,18.48
1948,220,109,36.75983215961314,89.57922980236121,103.75488650395897,6,rocky,no,high,13.31
949,97,80,51.06779755401387,87.85742355002259,98.0246631746147,4,clay,no,low,20.7
1113,239,54,37.83369793962858,66.12930990456236,103.58698121244574,6,clay,yes,medium,16.3
1369,175,59,49.72331179440018,83.54676150443633,103.5723093736979,3,rocky,no,high,16.08
1104,202,138,52.29680362026836,67.71764922024765,102.64650950384873,7,clay,no,high,14.54
1481,118,179,40.84543548941324,67.63726370932602,96.46695114015182,9,rocky,yes,low,11.47
1637,125,175,52.7485785963598,90.59251206568148,101.90322846900729,9,sandy,no,low,13.72
1877,108,60,39.43295134907982,68.73841334590806,104.45024064580569,6,rocky,yes,high,13.62
1802,269,105,54.10196041225271,69.2136571281304,101.82540478767157,9,rocky,no,low,8.86
1243,141,132,32.232238113139324,60.02286867664549,98.31616849107834,4,sandy,no,low,18.62
1412,264,186,47.17548166258106,90.47341619439311,100.00579317430831,5,rocky,no,high,11.8
1792,95,148,42.34535101142322,87.74081846231971,101.45725043351054,4,sandy,no,high,14.23
1063,263,198,39.69122013639118,81.95651272817373,100.10570408728503,6,sandy,no,low,15.06
1876,200,122,45.81779696871502,86.25930173785947,96.1995294173097,1,rocky,no,medium,15.31
1803,89,164,47.59642729085828,65.32169985985722,98.12064044652021,4,clay,no,low,14.5
804,237,56,30.10908174125773,76.04132581056514,103.02396030553632,9,clay,yes,medium,16.81
1926,232,129,34.17382721867997,72.29267855720732,103.61418046095517,2,sandy,yes,high,15.06
1573,182,193,47.826151265857966,63.28217841899558,96.37300032715571,8,clay,yes,medium,12.46
1676,163,146,46.659635339455164,77.01456698252234,104.52386752398725,5,clay,yes,high,14.44
1791,212,53,54.15118762821693,92.22588776199224,98.2882261784861,9,rocky,no,low,12.15
1683,144,53,49.025944756269574,61.402069166774304,101.6231373873072,2,sandy,no,low,15.91
846,256,152,53.769317693283455,70.20113197228278,102.51825145956681,6,sandy,no,high,17.63
1666,82,89,47.563512538370176,67.26393276719962,103.11946234637884,3,rocky,yes,high,14.36
1622,252,66,37.45130521598608,68.33513287829938,104.4574970222593,2,clay,yes,high,16.81
1735,221,150,32.63412305627141,91.79520931577814,98.12919548028823,7,sandy,yes,low,13.6
1455,199,152,49.54559658362339,76.38241689820015,103.58506454551555,3,clay,no,low,15.46
1068,237,173,46.1037305368979,76.32047945289366,96.31686903436207,0,sandy,yes,medium,18.07
1169,147,101,31.204650309832406,86.62014748593488,102.05040906353592,5,sandy,no,high,18.07
1435,225,101,39.00126164752446,65.40722714017241,102.41977729513985,9,sandy,yes,medium,13.85
1929,269,173,53.91999538710715,77.05428739350178,101.7772324120132,0,sandy,no,low,12.7
1456,116,112,42.51002864275503,75.04948249423708,97.52314736135153,4,clay,yes,medium,16.12
919,232,165,40.818228400492615,80.89187416913296,103.73043147015204,6,clay,no,medium,17.18
1630,255,111,41.44249012898235,94.98451961376534,96.68858463370395,5,clay,yes,low,15.21
1881,272,56,35.22206810012909,86.93071129287165,95.53634791520831,1,clay,yes,low,12.89
1540,260,141,39.21767927161988,73.92529960560995,102.17464990611913,3,rocky,no,high,16.75
916,286,63,39.245331399679415,88.96435682959165,99.75475715232734,1,sandy,no,medium,18.13
1590,152,135,31.30887550468681,65.9747927159368,103.49098019958676,0,sandy,yes,low,16.82
1950,222,182,49.189190712947955,61.0662290208136,98.83397141058259,2,sandy,no,low,11.02
1812,128,179,40.412610797596976,67.15569303624956,96.68278588507712,2,rocky,yes,medium,15.16
1881,200,111,50.554497170410585,71.91440446399909,103.36442192469869,6,clay,no,low,10.55
1433,167,198,51.258700027997385,77.8703265110846,100.48909631640072,0,sandy,yes,high,15.67
1312,275,128,35.29985136746645,81.52951991894199,96.89195792390355,8,clay,no,high,12.59
1601,219,198,46.43383705425322,91.87120010250476,102.20383998586446,5,clay,yes,medium,13.31
1919,266,187,41.80704510407455,77.84489033426601,100.111136384895,3,rocky,yes,high,12.11
1941,116,107,52.003918448037126,77.54464756190053,101.0431298224032,2,rocky,yes,low,16.25
1359,140,169,35.39351697941135,61.75850534380437,99.60898338206582,2,clay,no,low,18.7
1287,250,182,46.94533000775111,61.22190434296783,103.28708983818007,1,sandy,yes,low,16.77
1696,203,114,45.19380305631806,79.29059866707303,103.2956271568305,1,sandy,no,low,15.36
1503,277,62,37.38253693929582,75.33625146369207,102.09388821824386,9,rocky,no,medium,10.37
1380,118,131,33.41502259127932,89.37131382431045,96.05401377396463,4,rocky,no,high,15.92
1589,263,188,46.290994011931915,65.62378546491458,103.38853861904069,8,rocky,yes,high,11.6
1660,142,198,48.46493645330827,60.87400817409674,101.7101298053291,1,rocky,no,low,16.27
1046,125,101,37.890683594083754,75.7163568775544,101.970241660043,1,rocky,no,medium,20.01
1899,167,166,46.12081510055785,68.311749486329,98.62982840403872,5,rocky,no,low,10.97
953,90,75,39.87827269028758,61.73650306685931,103.79279556157007,9,rocky,yes,low,16.5
1796,141,83,47.830172082065445,85.36094003966701,102.25371600234857,1,sandy,no,medium,16.61
1909,156,101,34.98038187235133,63.90575499850366,96.12590466529194,3,rocky,no,medium,14.89
1496,232,161,52.25537506590436,81.29118250027201,99.07778034406162,5,rocky,no,low,14.36
1892,278,131,37.18523991163949,69.83674125584112,103.86380361960141,4,sandy,no,high,11.51
1870,131,91,39.19464969390383,66.07236176242577,95.47196701697379,0,sandy,yes,low,16.5
1808,83,70,31.452298802008745,73.29130330217612,104.6141661964205,5,clay,yes,high,17.25
893,138,91,32.787805308031906,88.05060216780338,101.79162568319563,0,rocky,no,high,20.17
1757,151,190,42.8965475678082,73.72327519166004,101.31375977643377,2,rocky,no,medium,15.25
1811,227,162,36.689816918199284,86.27693772238695,97.70559256487991,9,rocky,no,medium,10.43
1252,172,154,50.88700564355486,64.39202038797028,97.48791788739177,4,rocky,no,low,16.56
1711,142,66,30.367334716373847,87.04699968827777,104.42058219488595,9,clay,yes,high,14.52
1017,133,169,39.477351216798404,68.29266637173271,97.98272454234123,4,sandy,yes,high,17.52
1273,196,186,38.43363866922732,83.70875954611054,102.75505296719,9,sandy,yes,low,13.08
1231,189,178,30.483190772940027,79.80235441943488,98.93121798207079,5,rocky,yes,low,14.05
1140,153,179,33.10920997501275,92.52006510240906,96.39254070784703,9,rocky,no,low,16.25
1350,186,109,40.34106687296588,73.556288129136,95.10715297695359,7,rocky,no,medium,15.07
1156,136,97,42.32161461118616,62.315781609205416,100.4425733701525,4,clay,yes,low,19.32
822,297,78,40.10724368137173,60.67044199429385,104.75778818548933,0,clay,yes,low,18.79
1321,248,146,43.27344196030235,88.94004963404636,98.69136193809204,4,sandy,no,high,16.13
1923,82,59,44.87829187264204,78.36574731815013,98.57192333993045,2,rocky,no,low,15.48
1601,199,107,30.24809552819589,87.13354181422322,98.44091617849442,3,rocky,no,high,13.5
1561,85,70,41.6023789863376,68.20489600040301,100.20543837304858,7,rocky,no,high,15.58
1241,84,77,54.087481022189706,72.07793109296318,99.40664883424293,6,rocky,no,medium,16.55
1568,84,83,42.975807003238714,61.05363552739616,103.79914626727015,4,clay,yes,low,15.76
1815,133,57,46.93855668647383,93.65223136009394,100.0552079172349,1,sandy,yes,low,17.85
1315,126,128,37.79659644792208,83.37537673452847,100.07757838188569,5,sandy,no,high,18.36
1839,294,194,49.34978445381906,92.66217807157571,96.38371594720556,5,clay,no,medium,10.73
1591,256,136,49.323037046902876,69.29237426001754,104.82739540910386,9,rocky,yes,medium,10.43
1135,88,137,43.03240119135347,81.40122639289814,97.4997289086883,9,sandy,no,low,16.33
1057,178,118,54.40034558198034,83.74749889024233,95.73364067459603,5,sandy,yes,high,16.12
1296,99,136,33.13875536906633,71.11423950901559,101.63146248975208,8,clay,yes,low,16.69
1695,201,150,30.423691622239524,89.68382322554706,100.95366370156873,7,rocky,yes,low,11.77
959,140,57,49.253955293927405,93.15065120150868,99.15145653992745,7,sandy,yes,low,16.91
1651,202,126,50.178888434122065,90.96992911936016,99.22192233880678,0,rocky,no,low,15.41
1489,242,136,33.00518072801441,85.86734415787804,102.85063921046431,4,sandy,no,high,15.62
1179,257,92,36.63957082396515,69.7112637903734,96.95712640099649,6,clay,yes,medium,14.99
1756,161,178,30.438809084165722,69.85656147369711,103.2025331894489,5,rocky,no,low,15.35
1490,141,158,37.33271526951412,93.71761121561133,101.48747113895018,4,clay,no,low,17.26
1991,224,66,49.32854684796679,60.359957357749224,99.18969773779524,7,sandy,no,low,9.87
1866,295,182,42.949013192814476,85.06174906347505,99.58028616583869,2,clay,no,low,12.93
1084,82,197,38.702389829207206,84.71861568943417,97.56647207186096,5,clay,yes,medium,17.92
1196,239,70,39.29348237265826,81.7941339332429,102.52114332696975,4,clay,no,medium,17.3
811,92,107,30.033840642886705,94.6538096130403,100.12874742305267,7,sandy,yes,medium,20.95
1298,199,159,37.4950131891309,70.91578025173038,98.20854542749844,3,rocky,yes,medium,17.59
1553,204,188,46.16146854094826,71.89901523276369,100.9605011576095,7,clay,no,low,12.58
834,168,192,54.35486109540893,62.76287910312944,104.95734452051323,9,rocky,yes,high,16.5
1526,152,184,51.176520674597484,75.49793477903081,99.35262279656554,1,sandy,no,medium,16.66
1648,147,77,30.58987411613823,69.13669841821968,104.2069140077862,8,rocky,no,medium,14.39
889,221,100,52.46401511687098,72.01853457621755,98.45016839924565,8,clay,yes,low,15.15
1575,180,54,49.579960332465646,89.21001265894697,95.54732706924986,9,clay,no,low,12.53
1404,177,54,49.509403089274514,92.74195797346235,97.04242106368429,9,clay,yes,low,14.56
1769,90,143,41.44989397508929,66.50065752018149,99.18695143327685,5,clay,yes,low,14.89
1821,184,145,39.95013232386257,73.03781260437131,97.19634928594569,3,clay,no,high,14.42
1217,263,57,37.57289322082981,92.5020696740388,95.00227038218256,3,clay,no,high,17.74
914,146,113,31.642371473859143,62.163296124122795,104.15001537747527,5,sandy,no,medium,19.14
1416,202,187,35.705884087342476,63.23261848389825,103.4387941123093,4,sandy,yes,high,17.01
1625,299,87,36.16509087445061,65.69768462221803,102.42292231486947,5,sandy,no,medium,12.34
1898,108,160,42.10192674275504,80.83244919444061,96.67814595646028,6,rocky,yes,medium,13.86
1212,216,161,48.68611016491735,65.26652948520992,96.20363576209986,6,rocky,yes,high,14.15
1528,274,130,41.845245709948664,93.88267335077568,95.67604749472383,8,sandy,no,medium,9.63
1820,232,185,31.446111236179014,75.6350084540482,102.24029188772921,7,rocky,no,low,11.29
1560,155,153,53.9447450247051,77.55312861225582,104.28807960687885,5,rocky,no,medium,13.26
1475,249,122,53.56810797735281,68.63305155318923,99.30535820913038,5,clay,yes,low,13.14
1256,88,98,49.62973857871021,76.48360883521568,96.19140671996048,4,clay,no,high,18.07
1719,286,85,54.783197539105515,83.16697714229541,100.12392820732107,0,rocky,yes,high,14.85
991,119,175,43.612058320006575,86.2911997933915,98.4883190745863,8,rocky,no,medium,16.13
1538,104,117,54.069208756330156,86.38538289484696,98.74824924349997,8,sandy,no,low,13.78
1922,84,127,31.89012601541877,80.22618894429309,101.21330624155708,8,rocky,yes,medium,14.29
1777,218,154,39.14201870653429,91.652592124785,102.18718113262203,7,clay,yes,high,11.33
1808,266,171,35.63453170016915,88.60927465571383,96.1060359887316,9,rocky,no,medium,8.31
895,295,168,34.89582710335675,86.49668401445189,95.35590230806477,2,sandy,no,medium,17.91
1462,203,163,33.5200737223169,61.94619325881612,104.94330302685715,0,clay,no,low,18.16
836,286,59,45.56034103914992,60.24072867768773,97.32728348915552,7,clay,no,high,16.37
1078,117,198,49.533046393682625,67.43565470184156,95.53830524908459,6,clay,no,medium,16.5
1016,151,189,44.45745998550902,83.22332578697083,96.8987532909592,4,clay,yes,low,19.0
1666,212,140,33.674067739705244,74.39191211088911,95.38957846348464,9,rocky,yes,medium,12.97
1672,255,51,50.27809424833677,74.08421907547591,98.91810894617171,6,sandy,yes,low,12.29
861,169,167,45.898867679093215,90.96054108803648,103.02401784451324,9,rocky,yes,low,16.27
1395,225,62,39.704142653174884,91.34469968461435,98.41244449757721,3,rocky,no,medium,17.11
1528,277,144,46.85325738840157,91.8211342418755,99.44183406878366,8,clay,yes,high,11.5
1196,116,193,36.49762448107082,70.98573267802595,101.75586773567439,9,sandy,yes,high,16.22
1498,139,81,38.629805212355265,84.18695344587417,100.0889407006988,1,clay,yes,low,18.31
1842,255,81,52.937146078299754,69.50716134460293,103.61445686021324,8,rocky,no,high,9.73
976,284,173,37.26261264178551,66.67134415760574,103.66035675045757,8,rocky,yes,low,11.37
1195,107,60,41.74970670394842,66.46213600715792,95.09910695491153,4,clay,no,high,17.9
1244,276,59,52.25352843490037,71.97376673022579,102.78046306483199,0,rocky,yes,medium,15.86
875,284,64,47.69303375668819,75.04851669229376,99.60733600241674,6,rocky,no,high,16.11
1064,160,66,31.555080654117567,89.08322098692739,104.88840541303664,9,clay,yes,low,15.66
1254,193,195,33.68257610697426,64.19618827154493,99.83232075875435,9,rocky,no,low,14.12
1517,119,108,30.196039769297922,85.72240465882129,104.86895945388298,3,sandy,yes,high,19.03
1534,124,127,45.77304475572909,78.60092199662569,102.54569361205736,8,clay,no,medium,14.04
1650,141,173,41.19183563526046,70.07808699365974,97.48604884613306,5,sandy,no,low,13.34
943,172,163,33.35687127255689,77.24868545864886,100.38394979286957,2,rocky,yes,low,19.8
1684,194,71,53.94835302641926,70.49797244219579,104.92135639478583,5,rocky,no,low,15.5
1892,265,81,43.2414930986405,80.86286843334071,103.57530607751923,9,clay,no,low,11.65
1922,146,162,36.04733235282223,75.18453729993355,95.97366893791221,5,rocky,yes,low,11.97
1195,135,169,42.51508927886769,65.75419351776075,102.06371996809996,4,clay,yes,medium,15.64
1848,119,198,46.99050831837769,64.08040760944938,98.45579585870813,1,clay,no,high,13.32
1747,177,171,31.90598044933911,79.13434887252455,95.06982261880349,9,clay,yes,medium,10.81
1690,119,81,36.8675953761973,91.58445616501362,99.03480969027,9,clay,yes,medium,14.33
1974,170,168,50.17413727209984,72.038519029519,97.34754421724972,1,clay,yes,low,13.26
1967,284,88,41.49162176006653,85.65500375279181,103.18869270520472,6,sandy,no,medium,10.16
1368,112,61,43.66442855080737,83.05314742289184,98.37330608845765,1,clay,no,low,20.5
1862,85,67,40.82040005523673,92.60442200083183,103.27523693953817,5,sandy,no,medium,16.26
908,295,198,31.097498566075128,88.73433560546994,95.00597938834795,4,rocky,no,low,14.94
1865,226,190,34.143744495503896,79.8311840616912,98.0781915002612,3,clay,no,low,14.22
1734,159,198,41.138540968547275,82.99606743819376,97.41165214307762,6,rocky,no,medium,13.62
1197,247,175,35.2296366351982,91.44352633044122,97.33567361068611,7,clay,no,medium,15.08
1433,171,185,31.24947571649197,73.98315746054271,95.68186619765463,3,sandy,yes,high,15.84
1956,176,95,51.09124160129559,71.4378147050222,96.87124270410501,0,sandy,no,high,14.79
1986,138,153,54.5298132291029,60.37838792723187,100.55549569885619,0,sandy,no,high,12.5
1532,138,184,49.82857184991849,88.92928759670124,97.91361072837745,0,rocky,yes,medium,18.13
1034,127,135,51.344623042616675,88.03432451411777,99.17394782329148,0,clay,yes,medium,19.32
1457,248,199,36.04942825792614,63.6559081335053,98.76866880347188,4,rocky,yes,low,13.03
1550,92,138,54.01567438782999,80.1900083396445,103.75904924999895,3,sandy,no,high,15.61
1387,186,71,34.923142611335706,76.23935943584107,104.05298999010516,8,rocky,yes,low,16.68
1832,124,141,53.78574525904581,64.1548183428189,99.9295697165586,2,sandy,no,low,14.04
1897,168,78,54.87048234914877,94.31988794712532,98.30155950315604,6,sandy,no,low,13.77
1753,260,62,47.79307014365122,67.51435606121744,96.06800704002363,7,sandy,no,low,11.5
1291,249,51,54.52859329479555,62.35319630316964,104.53402879382095,5,clay,yes,high,13.83
1712,179,78,44.23849448917759,80.81965828256683,95.60226944900297,9,clay,yes,low,11.37
1997,270,76,36.48854457940226,85.86033369965614,97.9765027756828,0,sandy,no,medium,13.85
1991,234,99,40.92489714164052,61.13552061165154,97.98066201170005,7,rocky,no,medium,10.57
969,245,144,44.83902338446965,83.05511735544577,98.20401286140215,9,rocky,no,medium,14.95
1745,267,137,31.827039050675374,78.6302156583009,96.64286843272409,2,clay,yes,high,13.82
1594,86,93,45.55858161543115,63.614275310626695,102.83161430923697,7,sandy,no,low,14.45
1433,212,71,54.529445919057366,66.03833569312268,96.2249786196599,3,rocky,yes,high,14.56
828,124,146,34.752691244593194,79.87910040606282,101.34906659153162,7,sandy,no,low,17.34
1988,137,52,49.81487790720958,70.37251647296509,96.23846026705817,0,rocky,yes,high,14.67
1138,110,167,52.697469844490485,92.84105050279607,95.70535637592957,2,clay,no,high,19.78
1299,102,68,53.59253982050552,88.65590803194178,104.09429503685877,5,sandy,yes,low,16.95
1310,249,72,54.00339011013618,94.4248522279782,96.90128766318706,8,sandy,yes,high,13.08
1016,217,79,43.0364909680368,69.0884793632645,103.21250154559704,1,rocky,yes,low,18.38
1955,239,88,54.432697699787596,93.9403271479292,100.44630871107135,0,rocky,yes,medium,13.95
1893,186,157,48.93275517836097,75.09318544270452,95.7785651960877,9,rocky,yes,medium,10.57
1244,260,160,34.041785905924044,72.16315783598141,104.55448191438067,2,sandy,yes,medium,15.95
1675,237,74,41.92250266169925,61.762233443927364,97.46961166991892,3,clay,no,high,14.56
966,118,177,47.9582793843001,61.846784025086095,103.59645345352607,4,clay,no,medium,19.47
890,238,160,36.183507895477085,84.22039395813292,96.68810005784565,2,rocky,no,low,17.87
1513,161,185,46.01537958872218,76.02751480519098,103.53942882141853,9,clay,no,medium,11.97
838,179,155,46.66501197616548,67.9282569112637,95.13228812905294,1,rocky,yes,medium,20.23
1949,81,193,34.067493595214145,81.48896072138314,100.11780456569481,1,clay,no,high,17.74
972,285,121,44.12713281131891,68.8500341387539,102.69442579421556,6,sandy,yes,low,13.91
1452,156,178,49.29067277446519,80.2171114020548,104.34795517492783,8,rocky,yes,high,11.57
1553,91,157,42.47239161339855,72.57230614439416,104.09202136206487,9,clay,yes,high,13.78
1881,118,54,30.302577919402687,88.82432793141366,103.19624869547644,1,sandy,no,low,17.61
1275,273,52,30.225961726982305,88.72436562683728,103.88191349661304,6,clay,yes,high,16.38
1255,92,181,38.92573359925031,76.70726393428404,96.99219685837076,6,sandy,no,low,17.34
1628,125,153,53.154851710794546,72.27866882672555,97.8418429571173,6,sandy,no,medium,13.76
1694,234,113,35.71691949009022,72.68959287956831,97.88968524921059,2,clay,no,low,16.05
1824,192,155,45.85909222179218,88.20000839838762,98.77053931001699,6,clay,no,low,11.71
1186,96,147,35.55189676733301,71.48628189791643,98.93320670385188,0,sandy,no,low,20.7
1147,183,59,38.041749741488715,67.31707807973962,100.44555324654675,9,sandy,yes,high,14.18
989,177,198,51.2010522400371,62.96409196563574,96.59879763366442,0,sandy,yes,low,18.55
1304,267,177,48.221536056748675,76.3342592309543,101.9124666378599,4,rocky,no,low,12.7
1623,271,95,32.384981932830264,76.87462346219446,96.67566539304507,1,sandy,yes,low,14.57
1728,167,115,40.71755052466084,89.43180486410175,98.10308482104547,8,rocky,no,medium,14.7
1733,188,161,30.729244091131612,67.74335437561224,100.03345130606154,6,sandy,yes,low,11.45
1940,242,62,42.022253665075226,73.334694578394,102.96440561523477,3,rocky,yes,high,13.1
933,149,186,46.5608502925267,88.29420086127918,102.39469233238728,3,sandy,yes,low,19.55
857,290,135,32.96256558995379,88.82682637621407,101.45534356410522,1,sandy,yes,low,21.23
1484,237,139,37.222123472729145,73.46138765925689,96.5577326058017,4,sandy,yes,medium,14.86
1471,278,107,39.945915637553924,76.06934081503383,100.47045345615578,3,clay,yes,low,15.02
972,153,103,52.98827561640124,70.6150061797249,95.87446501799886,0,clay,yes,high,20.12
1614,142,61,54.831375385574106,92.63942074467593,98.7736317679665,7,sandy,yes,low,15.37
1972,235,63,31.122782474890396,64.15253180095532,99.1351653028996,2,rocky,yes,high,14.61
879,139,170,49.0251980873848,92.68122980505146,95.39811439445754,5,rocky,yes,medium,17.69
1685,158,170,39.29310166005858,83.93532581423702,97.73988099469972,3,sandy,yes,low,16.39
1002,116,69,39.811454655737,78.6050253440356,104.5564946726649,8,clay,yes,medium,17.31
1563,101,124,48.85662433367557,61.14306712745736,104.5363260782969,6,rocky,yes,low,13.22
846,275,193,52.96066080363522,76.64586671377029,98.5232705425254,8,clay,no,high,12.31
1966,227,119,53.773214862563705,74.27118367509563,95.43100108948325,9,rocky,yes,medium,9.05
1455,175,105,44.42806465095802,65.64265841912929,96.79094939328182,2,sandy,yes,low,16.75
1270,147,150,38.92802898251257,82.974336122523,98.9221779343354,0,clay,yes,high,20.19
1770,298,181,49.68872714646948,93.99028175789,104.4777969796923,4,rocky,yes,medium,12.18
1835,271,160,36.275034581557506,79.67660838725838,96.41199063537185,2,sandy,yes,low,13.4
1535,96,174,44.101850720837945,85.0163646755381,102.63515843668212,5,sandy,yes,medium,16.79
1583,91,181,38.96446153812183,62.395765839810586,96.08682539374692,7,sandy,no,low,14.39
1767,229,69,46.4157768426969,74.61834485359482,104.81257577391277,3,clay,no,high,12.83
1157,224,187,36.00997282233767,64.07254698075735,98.81616499109136,4,clay,no,high,14.42
1771,217,73,34.789823643370646,81.44785424377787,102.75234538899056,4,sandy,yes,medium,15.81
1467,197,86,52.95597716688593,92.84687553749541,98.42591082811131,3,clay,yes,medium,13.74
1172,272,103,32.545092073738424,83.16222063650736,101.27668877158808,3,rocky,yes,low,16.76
1831,101,152,42.64894769337329,62.688106691004755,96.92016084740037,3,sandy,no,high,18.05
1945,297,198,35.52131957407522,72.4133171744779,96.46021019296963,3,sandy,yes,low,11.81
1475,199,87,30.973249083141685,79.2732182804298,104.38064139568131,3,clay,yes,high,16.63
889,289,53,30.90047045728566,74.11227146466382,104.17647277904433,4,sandy,no,medium,16.32
1497,129,106,34.38054430264568,89.17754036663104,103.87468940212882,1,rocky,no,low,20.33
1339,93,69,51.66925886265001,88.51348516484963,101.25433450166594,1,clay,yes,low,20.73
1531,271,66,37.06196859942567,81.41408570361276,103.08268211216279,8,clay,yes,high,13.46
1668,254,168,53.761479264382395,73.07102807964469,95.69036936911375,1,sandy,yes,high,13.78
840,108,120,44.54055732472984,68.93677308171354,98.34789041890679,5,sandy,yes,high,19.82
1539,283,53,40.91535474421915,63.705601137459524,98.13703124757156,1,sandy,no,medium,15.45
1301,243,63,44.502220866736366,72.42141892202939,101.35645321952613,4,clay,yes,low,14.86
1758,259,52,42.917459630656694,74.46103810227018,98.55957773470641,3,sandy,yes,high,14.98
1968,204,129,48.96940634393313,83.65380237864258,96.48506781643681,6,rocky,no,medium,11.42
1728,283,104,37.06240164932131,83.03559385041507,100.96467075413544,6,sandy,yes,high,12.76
1260,86,181,38.82625979000756,62.453784887443994,103.14383920669081,5,sandy,yes,low,16.97
1531,108,169,52.35235756333127,73.83407604009052,98.82123494459974,9,clay,no,high,13.44
1551,218,73,53.661412828760135,66.36226035260766,96.32268715098482,4,sandy,no,low,14.27
1724,112,131,52.313955687161865,65.4884446860882,96.96688197312822,0,clay,yes,medium,16.57
1708,213,196,40.48619984893284,88.95557524080361,97.37483305169384,2,sandy,no,medium,14.55
1189,190,109,49.50913757517204,61.46703258506901,97.99897592994536,8,rocky,no,high,17.29
1682,158,196,41.90839333252747,74.67140065657425,101.4279507050631,0,rocky,yes,low,17.01
1055,239,98,42.438496303652556,65.88712795182813,101.00945484537719,4,clay,no,low,19.35
1508,258,112,35.1170027264321,90.7765575487466,101.9607986156704,1,clay,yes,low,16.43
1249,282,159,44.77825758146291,79.49641796462623,98.62501984531514,3,sandy,yes,high,14.8
809,137,199,34.6533974438337,68.09832227318968,103.23997651879978,0,sandy,yes,low,20.08
1623,294,158,38.28911747667985,77.58495505082317,97.04087661155761,2,rocky,yes,low,15.47
1597,105,125,51.375755040498376,85.60202258960905,99.69040747518154,9,sandy,no,low,12.52
1676,253,79,35.176895230271384,93.53413031218018,103.0093872154143,6,rocky,yes,low,15.37
1828,108,107,31.778957129335822,67.71561014858966,96.8015864773262,9,clay,yes,high,12.09
1942,83,166,31.72518981532041,91.01636202452708,96.09863113740784,2,sandy,yes,high,17.22
1815,288,149,53.51961301257769,92.70064399586215,103.83683967687989,3,clay,yes,low,10.48
1173,178,68,42.67301094904587,92.07471905862232,98.42929662759195,1,sandy,no,low,19.06
1888,220,143,40.23530179542546,82.23950249016684,101.83870124909032,2,rocky,no,medium,13.94
945,118,162,50.27196452519796,82.04372290521476,95.25348604263938,8,clay,no,medium,15.99
1023,94,195,50.895648197762895,74.1123721614338,101.9004688840945,2,clay,yes,low,18.91
976,198,112,38.30477582789011,86.33392588063258,98.1610131154697,4,sandy,no,low,18.17
1652,108,165,47.34045143684488,78.59529064228262,95.55740853587442,1,clay,no,medium,17.59
862,236,162,49.27807039629717,83.7103324929903,101.09812761548118,3,rocky,yes,medium,15.54
1626,154,96,46.366267171648865,74.99602663470785,97.40803816073173,6,clay,no,low,13.75
1594,195,106,33.78987687000249,85.60237624150986,98.8680724205188,6,clay,yes,high,15.84
1488,111,167,51.89707708792643,88.85650311615922,95.80580812286513,2,sandy,no,high,17.55
904,209,94,43.47736381840022,65.12526898109857,96.47163251094945,4,clay,no,low,19.26
1922,254,194,37.06181065925009,89.15254004509798,97.97977235495844,0,sandy,no,low,14.74
1310,285,53,40.63070463594235,78.91037861266075,95.89759500560157,9,sandy,no,medium,11.95
1184,163,197,30.939277259972684,89.56330681815786,104.10826264686315,9,clay,yes,medium,15.66
1204,101,96,33.19667003056044,75.09555972193552,95.06047043183979,9,rocky,yes,high,16.63
1622,282,192,49.13866876289652,73.26641698840622,99.83860218864311,0,sandy,no,low,16.32
1317,106,96,30.000290868884154,92.02712563810279,96.23247458132552,4,clay,yes,medium,19.69
1275,274,127,40.414145712057305,68.79092436419404,98.07679089477949,9,sandy,no,high,12.98
1508,160,173,43.06275452713971,89.54743138501502,104.26059559818265,8,rocky,no,high,14.17
1570,205,124,31.365860500024308,76.94072003782915,96.61694553273986,0,rocky,no,high,17.79
1846,263,152,54.32695407430832,77.9933404892941,104.65832319718332,0,sandy,no,medium,13.91
1796,171,186,35.6531332812418,70.79638985213194,97.05794376989422,3,rocky,no,medium,14.01
1476,100,139,37.60496799090702,80.05647702166556,102.4156610846683,3,clay,no,low,18.15
1513,126,193,37.59856280637568,71.3823918696674,100.46677264897312,1,clay,yes,low,18.23
882,287,118,35.76041655293375,61.37442949845783,103.84478727596759,8,sandy,yes,high,15.96
1968,180,110,30.036845552157786,69.51995118705246,100.53993255503131,8,rocky,no,high,12.75
1908,266,187,48.23361985219991,60.22326651923068,100.34559219156309,1,clay,yes,medium,13.74
1901,163,99,54.17113749498213,94.24241754698998,96.954580003684,8,clay,no,medium,12.84
1256,85,52,35.60733708212613,93.80115234369117,96.66229362051659,5,clay,yes,low,19.85
800,226,156,46.576179795085565,73.83043541153067,104.16489151115515,7,sandy,yes,low,14.97
850,264,162,48.54740817396788,85.49297990188761,98.27838198850034,9,sandy,yes,low,13.15
1484,276,143,51.21063447726311,72.10321344436487,98.72082254962896,3,clay,no,medium,13.45
1516,210,167,40.56572992534023,83.48826049800917,102.59823658428388,1,clay,yes,high,16.25
1248,80,130,37.57327264101073,88.19005150660927,98.38823482422808,1,rocky,no,low,21.74
1680,137,158,38.13237835057578,93.13646856422842,104.52062446639003,8,rocky,no,low,10.74
1287,203,100,47.815533327462816,74.00742965473852,102.379277689988,0,rocky,no,medium,17.02
833,245,196,50.4194866626409,87.41542940346167,100.9742924257342,6,sandy,yes,low,15.6
894,94,84,34.54034919391506,69.30749577212416,103.80895160544753,2,clay,yes,high,20.63
1895,241,95,39.27352520394413,94.6616306327777,95.49605908349483,2,sandy,yes,medium,13.51
953,268,118,52.54850491872875,60.90193595675229,97.57062692189209,1,clay,no,low,16.94
1049,242,142,50.16733799236848,81.12350822753923,99.6503633422091,9,rocky,no,low,12.74
1473,143,113,54.6214600690619,83.08270935779645,97.26978539471521,5,rocky,yes,medium,14.53
1237,104,98,48.85620649205202,84.08159449759451,102.43905187302153,9,rocky,no,medium,16.98
917,103,198,39.82988002569806,64.21356525761811,104.19208031053725,1,rocky,yes,low,20.94
1570,91,123,44.76594584986594,92.84854242155956,99.23770119930923,9,clay,yes,high,15.08
1067,97,54,46.52535635618301,66.3414147667529,98.42132600111896,3,rocky,yes,medium,19.76
1877,94,149,31.961395407928098,81.79636911339443,104.61550732137566,9,clay,yes,high,13.96
1035,287,119,43.61242397759663,67.79366276930797,99.44852432827541,8,clay,no,low,14.68
1188,106,139,47.73302071181524,70.75257459574448,99.89048400449283,8,sandy,yes,high,16.31
1789,151,53,34.18303260002651,79.12604896048435,98.51649872341905,5,rocky,yes,low,14.57
1562,139,175,49.51579293563893,74.60176964976017,104.09548473012138,3,rocky,yes,low,14.97
1200,253,88,44.59431951285279,65.60789603417771,100.6895548328185,6,sandy,yes,low,15.84
1423,296,178,53.80554464243987,65.98277408472968,102.62174587181644,0,clay,yes,low,14.04
1566,224,73,31.060557455172294,74.63506758569798,103.11806718350886,3,rocky,yes,high,14.72
1718,172,106,36.63315343888667,86.50490423964253,98.41849041917258,4,clay,yes,low,14.68
1652,132,149,45.0388469824956,91.4287626396726,99.3369433132038,7,sandy,no,low,15.48
1377,87,119,37.41399780514827,62.9444681790784,103.48471774406265,1,clay,no,high,18.66
874,158,90,47.86060410178106,73.75863676457904,98.63255351675811,4,rocky,no,medium,19.29
1234,106,109,48.97513206304828,63.50859473030068,102.9393513345185,5,clay,no,high,16.46
902,253,157,32.56289910166186,60.58073682214093,104.40992322574436,4,clay,yes,high,17.9
1563,129,106,42.84636160516919,83.16015389253849,101.23210373068007,8,rocky,no,high,14.84
1537,278,80,42.7222638897764,81.08573046883058,102.41627287451888,9,rocky,no,low,10.18
1605,210,133,39.23201925538853,65.70566898352102,103.05097312041136,0,clay,no,low,16.59
897,172,85,53.3231215642418,68.18344915825725,103.45039648896642,2,clay,yes,low,17.57
1597,271,157,50.68765799683053,60.829771377558146,98.95053337856795,1,sandy,no,medium,13.33
1658,251,155,47.43023454774092,89.22315219930414,95.51263459175998,2,rocky,no,low,14.16
1234,260,135,47.85816589337494,94.11417086169931,99.01876271236739,9,clay,yes,medium,14.77
1246,103,184,41.54290359532798,64.74108378781418,101.7375622978409,8,rocky,no,low,15.56
1048,139,63,53.0248630274144,68.10163248178543,99.50350385780793,8,sandy,yes,high,15.52
965,201,169,47.36488568133213,90.39433333814269,102.48963150860399,9,clay,no,low,14.54
1783,210,187,48.224526541395406,92.42623292846648,98.56982429468664,1,clay,yes,medium,15.36
1819,227,129,51.54227259468363,74.68695839823836,101.3474414110403,2,clay,no,medium,12.76
1341,125,193,36.851789733554774,61.7717865294176,96.86419804853975,3,rocky,no,low,18.1
1558,94,155,50.176772596667575,61.37871417924868,102.49369436644957,8,sandy,no,high,13.06
1929,232,119,34.8810150739123,80.08824531241537,100.45695968813025,2,rocky,yes,low,13.08
880,285,93,38.63354880612219,73.75132881126126,97.04064388546601,6,clay,no,low,15.8
932,278,122,38.390261356746066,61.00283496521791,97.91911173497807,2,sandy,yes,low,16.0
1596,96,94,54.463136709728516,80.41383373093949,102.48608708581833,6,clay,yes,high,12.94
1699,205,156,51.413430593698166,60.39558878061579,99.82601235661521,6,clay,yes,medium,11.85
937,163,133,47.52924653975649,87.55801853522456,97.16031440393073,8,rocky,yes,high,16.36
983,88,131,48.17641904038476,70.72514879461801,104.67271190370298,1,clay,no,medium,20.85
1584,245,156,44.05181986006428,61.409030105323126,102.15125019816888,5,sandy,no,medium,12.67
1783,255,70,53.67726667771298,80.59232773441036,104.57134832539796,8,clay,no,medium,13.15
868,267,56,42.40646882205904,73.91895450515692,99.27105045360344,1,clay,yes,high,19.48
1345,142,119,39.51294274674736,94.08301446750023,99.7510034069172,1,rocky,no,low,17.57
852,293,176,34.075883423289774,79.04695318762958,103.9795521618502,4,sandy,yes,low,15.7
1004,196,192,49.655141306526446,69.63337133629528,100.25049340245384,9,rocky,yes,low,13.98
925,209,197,48.36109830188978,84.83036026218912,102.07278911905667,9,clay,yes,low,14.04
842,167,192,39.60887596310337,69.5022200889949,97.5217287749553,9,rocky,no,low,14.59
910,151,198,30.629835348980734,91.64851519926478,99.4672646870264,7,rocky,no,high,17.56
1560,218,169,50.97493319295027,73.11526896775817,96.23449865810355,8,rocky,yes,high,11.51
1647,143,177,30.28544958635184,79.24539969716719,97.05980035876962,1,rocky,no,high,18.64
894,284,191,47.592494490726274,61.77005863384801,95.0094341526763,4,clay,no,high,14.61
1699,288,106,54.25642774315143,74.91424332832807,95.3926505164866,6,clay,yes,high,10.77
1159,151,107,40.941533203705085,89.13272388813482,104.7728382317693,5,sandy,yes,high,19.26
1699,100,70,35.87433512489882,88.19770818771697,97.42353695136762,5,rocky,no,high,16.77
1080,97,131,47.62177525108454,67.85114955987342,101.63310709504002,6,rocky,yes,low,16.51
1466,143,118,50.428203550389625,67.9127674853697,103.39099698799612,2,sandy,yes,medium,16.0
892,161,180,43.660757901946184,88.60568592746328,100.50660459236565,2,rocky,no,high,18.23
1471,189,136,54.175881881403654,92.56394470592639,96.53144500083957,9,sandy,no,medium,12.61
860,174,98,31.291718041449027,63.337632244555124,102.28116437336166,8,clay,yes,high,18.41
1433,245,196,42.6198899576132,75.75205237991788,101.00251410099582,7,sandy,no,high,14.11
1874,111,164,47.96134868306375,71.81089976374801,102.31250589347376,4,rocky,yes,low,12.47
1828,90,138,51.566011778729475,90.47409594101038,102.69746622857087,5,sandy,yes,medium,15.35
1403,124,134,34.48139029769475,62.92337201380066,104.75410367684745,9,clay,no,low,14.62
1481,296,177,50.000087044092034,67.3894079895313,100.7356328002671,0,rocky,yes,low,14.25
1333,112,189,43.81767689296363,86.3363918155273,98.41641112690601,9,clay,yes,medium,14.0
1637,181,166,39.91384204974908,61.79528471434254,101.48464556900237,0,clay,yes,low,14.28
1444,248,176,33.29287571447734,77.23873832500013,95.68440709242626,3,sandy,no,high,15.75
1032,215,120,51.63239397272281,75.4737462137902,103.97397318321586,1,clay,no,high,16.93
1323,90,135,33.93183020449288,71.7040412646062,96.19381011338197,6,rocky,no,high,16.37
1145,293,82,37.74469648022748,73.81003103616233,98.27842837885818,1,clay,yes,high,17.91
1869,258,130,37.25113829906092,78.54792054255816,103.1574538062612,9,clay,yes,high,8.28
1345,167,110,51.78535085477136,65.6478575435934,100.97312378330712,1,sandy,no,low,16.06
1901,120,110,46.817574855222446,80.01985573992575,98.93635520277442,4,clay,no,low,15.66
1896,224,147,49.91703492978431,88.19013152549952,99.73435659375022,3,sandy,no,high,12.98
1593,155,77,36.261697469812475,86.60563254265557,103.5454739320218,7,sandy,yes,high,14.27
1048,200,92,45.62185249017497,65.38649666428208,98.40004386059893,3,rocky,no,low,17.95
846,125,135,44.293649578593715,65.22373144095158,103.69649684812171,5,rocky,yes,medium,19.39
1944,239,66,50.820759419706775,69.38610287107197,95.88134430976692,4,rocky,no,low,13.38
1013,286,147,52.65217651203152,72.6376154219363,102.7679843720863,1,rocky,yes,low,15.67
1038,159,147,30.30391928693467,74.29594534929689,103.47547633054737,7,sandy,yes,low,16.0
1879,133,114,46.85049797646982,83.78940258916708,96.81817652837339,1,clay,no,low,16.48
1149,165,123,31.295894977993225,61.98381512580424,99.30346532372201,8,rocky,yes,low,16.45
906,171,134,43.721466626933896,61.21354464791232,96.65499774663655,8,rocky,no,medium,14.78
1630,227,54,37.190818226091956,73.71686970303682,102.06604128994218,2,rocky,yes,high,14.99
847,240,51,37.66941498805353,84.40072922482932,100.35347768061656,3,clay,yes,high,19.19
1136,281,71,38.823962586308916,66.7702370034769,101.35323346708321,7,rocky,no,medium,14.67
1849,247,161,45.53231122624025,82.45265684396881,96.9648696695621,8,clay,yes,high,10.25
1603,239,106,38.35124914171923,69.09398482791048,97.11745862052419,2,sandy,no,high,13.87
807,176,115,48.317476264757005,91.01301380847308,95.41497325509907,4,sandy,no,high,19.11
1424,81,123,40.11318463934674,91.34914804933157,98.2206753519573,7,sandy,no,medium,15.72
1518,112,147,31.708830007748965,70.40505214984643,100.59744661333676,2,clay,yes,medium,16.59
1102,284,193,49.59399606210268,68.04978138871341,103.57934913997329,6,rocky,yes,high,13.47
1438,237,161,37.14395811481765,74.3956390223181,101.66927447458681,7,rocky,yes,high,13.1
855,240,174,40.81917198998157,68.4186054813052,99.35396323399752,9,rocky,no,high,15.43
1525,156,135,47.13609708054754,83.53343451520962,104.53120114394137,2,rocky,no,low,15.66
1325,195,125,38.3114039287178,88.91226395919,102.19245200575831,1,rocky,yes,low,18.3
1273,233,137,31.41464140366789,83.5582245818926,104.3016520286255,9,clay,yes,low,12.27
827,229,87,39.34802617532034,88.85226565372723,100.27587973272166,6,sandy,no,medium,17.53
877,182,108,53.611214567357585,73.89472567726159,97.5890427479314,8,rocky,yes,high,16.52
1164,273,187,46.04335993246396,65.47109397481013,95.52826686364722,0,sandy,no,medium,17.11
1465,245,148,46.786978716680174,85.82828315891572,102.2608485148385,2,clay,yes,medium,15.83
1325,182,112,45.807053840940995,72.61660767995438,96.21302998005534,4,clay,no,medium,16.98
1498,169,98,34.97480347398592,83.49447888301964,98.02775128271968,2,rocky,yes,high,17.03
1682,253,81,40.458346602557,69.4725379693618,100.32470907883898,0,clay,yes,low,16.24
1830,201,184,48.77349495908295,62.84303721823354,100.64416587779748,6,sandy,no,high,13.13
1826,222,70,32.53432243882898,94.74036284207172,101.00583196987137,6,rocky,no,high,13.12
1718,185,69,36.94631940224281,65.46705277757097,96.662553303497,9,rocky,no,medium,13.81
1549,198,176,36.90797771164634,94.59473478872184,98.79737404821648,7,sandy,yes,medium,14.45
1162,251,117,40.80047318986265,94.20479763982566,101.17194227116967,4,rocky,no,medium,16.23
1605,128,159,54.50921852355462,87.78363363678139,104.69818864633785,9,rocky,no,low,12.35
1538,183,165,31.68756366709555,83.07980367286991,102.27631137699689,4,sandy,yes,low,15.66
1838,282,192,42.967524859514874,80.22324675878797,104.22603757093958,4,rocky,no,low,12.27
1284,140,169,34.48411705030526,90.31355408822421,102.62212058314176,0,rocky,no,high,19.88
827,274,128,54.266913635243604,70.13038325668208,100.917169688924,9,sandy,no,medium,13.49
1513,202,165,32.83258761818661,76.3688424369707,96.92023369136345,4,clay,yes,high,13.07
1862,213,141,40.09002505903978,81.67864892782757,101.66685651892513,5,sandy,yes,low,13.35
885,88,63,48.447124620865154,74.39166665543219,101.23379565959907,0,rocky,yes,medium,20.39
925,85,174,47.61386070068613,74.96202589315938,101.02469170457266,6,sandy,no,low,16.75
1611,152,107,40.56821592234831,71.55996336257296,99.8978586798824,0,rocky,yes,medium,17.16
1336,182,77,38.663104198817955,79.74811358395877,100.28656603989276,1,rocky,no,medium,17.29
944,239,75,39.94030946382176,89.77010848052906,98.34442527118104,1,sandy,no,high,19.98
824,120,162,36.60690657896598,67.05349323022095,100.19312692642303,4,rocky,no,high,19.31
866,193,115,35.133323467669996,92.70515635637045,96.97555905678479,9,clay,yes,low,17.53
1032,283,180,42.07599243897225,84.11806788118804,103.05174397360376,6,rocky,yes,high,13.1
908,87,93,36.71334390169018,88.81456244380105,96.85776954698707,0,sandy,no,high,22.19
1969,151,146,37.18654162243125,79.4666742420504,95.84966289889466,9,clay,no,high,11.24
910,257,91,46.418901586863925,87.28308454984221,99.36246026357158,0,clay,yes,medium,19.51
1027,171,55,54.21343329249731,60.56701390688135,101.58307439506062,0,rocky,yes,high,20.41
910,141,72,45.09093001398438,88.64331486728373,99.37716824933541,5,sandy,yes,low,18.28
833,163,138,31.924486676624156,61.404860067987826,97.76754131951309,1,rocky,no,medium,20.26
1422,141,172,31.889590346351675,91.14696817270018,100.58171183890441,0,rocky,yes,medium,19.41
1547,190,196,53.78558052113915,94.71869615335251,98.470023354122,5,sandy,yes,high,11.4
1394,206,100,37.43226975768334,70.29236117618723,104.32867690126633,1,sandy,yes,medium,17.85
1224,86,60,32.301674652061884,67.36114947000277,104.22645139603571,5,rocky,no,low,19.7
1412,282,61,44.97611467875954,86.78771773503142,100.02371819972096,9,clay,yes,low,11.08
1491,163,123,45.591219457256656,68.85592193220886,98.27883994018258,7,rocky,no,medium,13.67
1114,287,57,46.212620502967205,90.29468341102712,102.3713241395664,1,clay,no,high,19.35
1676,211,90,36.68505069643853,63.599490725511686,95.36712943483067,8,rocky,no,high,13.13
1461,213,134,30.377767105361876,64.40843187327754,99.74769006043651,7,sandy,yes,medium,14.38
1076,137,121,54.125384236361796,94.27030442852154,98.36323394270333,9,clay,yes,low,16.55
1423,101,104,36.272326142277564,83.58436143945016,104.20535885102555,0,sandy,yes,medium,21.66
1315,233,186,46.90065720131369,89.64105285501336,95.12003027272682,6,sandy,no,high,13.93
1642,206,96,47.66574674696774,71.35152820730313,100.52814875718349,9,sandy,yes,high,11.32
1149,82,192,45.250185426987144,83.67693123322115,102.40663581066626,5,sandy,no,medium,18.66
1622,206,153,37.82268485534121,80.7984639558009,99.85017987524041,5,sandy,yes,low,13.79
1960,120,91,36.77740634410164,81.11025420430315,95.85403030162722,5,rocky,yes,medium,13.48
1558,267,109,44.94170706756758,83.88863608382026,104.72461390027902,5,clay,yes,low,12.86
1698,185,61,51.652390840292284,80.13757105951845,100.18010431376098,9,rocky,yes,low,12.41
1042,93,179,53.66834322308489,75.0171829255933,101.14186244319012,6,rocky,no,medium,16.57
1342,282,56,32.64764511009394,69.65729430331913,97.36609782707507,2,rocky,no,medium,16.27
1863,289,129,33.870715314943,86.90034658196207,99.83498085106804,5,sandy,no,low,10.94
1028,91,180,53.618406469576996,67.91953505011152,99.29149491958322,2,rocky,no,low,20.41
1347,166,158,48.413380708369814,84.2324007154045,95.74895842001983,6,clay,yes,low,14.62
1719,91,52,52.07484562074433,68.16664879272643,96.06160353547467,6,rocky,no,low,14.18
805,220,76,35.065815853383576,81.88655594840588,103.37472519618774,7,sandy,no,high,17.17
1267,104,163,44.68964677773505,86.14773934951602,97.39819952206591,1,clay,no,medium,19.89
874,124,156,47.52848986043684,67.65498611172887,96.9495827149863,8,clay,yes,low,17.34
803,201,89,47.002797136174316,62.09801553014579,100.04911451250139,4,clay,no,medium,17.92
1445,226,178,40.20379227166745,64.58408100479609,102.68747131362512,8,clay,no,low,12.36
917,134,57,30.38487229228271,81.2098938544859,95.61946518578988,9,rocky,yes,medium,18.36
1680,179,150,44.573151420106576,89.73062421790074,100.76807919638256,4,sandy,yes,medium,13.78
1303,252,173,36.327538479490215,61.57488874323985,96.19210442840573,6,clay,no,low,12.26
1746,215,156,41.256356153572256,85.69529406645762,95.36461050825619,8,clay,no,low,12.11
1373,198,150,53.939525377095435,71.94615260825182,95.52743952162217,3,sandy,yes,medium,14.68
993,132,53,39.97588294106087,76.74849294718328,103.34164108208441,1,rocky,no,medium,21.6
1646,262,159,50.995040166610664,92.5100842445948,96.17972483628061,8,clay,yes,medium,11.2
1514,111,68,34.71351514373128,71.61900266575459,95.45151364412293,1,rocky,no,high,18.99
1849,130,81,46.81151245062572,76.28679268788201,99.37899887142912,2,rocky,no,low,15.32
972,123,186,54.42517386097359,60.478884516623836,103.43993471942025,9,rocky,no,high,14.34
1125,161,61,32.54732752182342,62.85595520016934,97.62408376489302,1,rocky,no,high,18.93
1941,277,188,30.2079985556798,69.05070568971745,99.21712617525917,2,clay,no,low,11.92
1635,225,95,40.83956981581536,60.9748284287376,95.39922532563752,5,clay,yes,low,14.19
1523,290,168,32.31563707628418,82.09813641168878,99.49078514134877,2,rocky,yes,high,16.15
1024,229,65,48.70960874190578,74.92394248805678,100.77613080637134,9,rocky,no,low,16.01
1331,116,178,52.863716596213976,79.18508209548077,100.70907053752146,7,sandy,no,medium,14.98
912,175,112,40.85052431771897,66.11265150637153,98.32426692174366,5,sandy,no,medium,19.39
939,135,158,36.467791053886025,70.35762103028156,98.15533180663135,6,sandy,yes,high,17.59
1358,184,168,40.86008297516524,83.23385661984538,96.06623618936598,0,clay,yes,high,16.61
800,138,70,48.086195446250024,93.78559532706399,98.66798320646268,2,sandy,yes,low,23.17
889,210,62,30.226354039509275,61.76458707607732,95.99494668872964,2,clay,yes,low,20.55
1453,235,53,44.73634973711743,91.16345122993431,102.66595944712051,1,clay,yes,high,15.64
1119,281,151,45.33229212218448,80.1908420458923,104.66274297748186,6,clay,yes,high,15.9
938,114,108,45.942206172398386,79.73718483644683,104.70074456666707,8,clay,yes,medium,16.68
1644,268,177,36.05055199952193,77.50974873227162,103.65071099375393,3,sandy,yes,medium,13.1
1058,172,76,47.85131808445317,62.428793006646416,101.0079214933962,4,rocky,no,low,18.74
1701,261,118,32.28478715829441,63.145689810765624,102.0086569724388,2,rocky,yes,medium,15.83
1489,270,74,34.98175841167002,81.03192019806801,97.85205802680414,8,rocky,yes,low,12.03
809,286,180,51.93675116636204,71.93355000024454,101.30770420172621,3,sandy,yes,low,17.97
1060,176,146,48.46807876816416,92.10438233021883,99.55649549439877,4,rocky,yes,low,18.38
971,214,74,30.343638850283632,74.23066880758152,99.82017339776932,0,sandy,no,medium,19.87
1697,155,197,36.20940650924501,65.01485105459244,102.57776560375157,1,sandy,yes,high,15.54
812,128,175,35.36016207482911,85.01515917257126,97.81918355597251,8,sandy,no,high,19.34
1991,173,182,36.770158200924314,70.26736975043535,98.1803961169452,1,rocky,no,medium,12.68
1120,292,58,36.18899425699716,78.39146075745626,104.24641791128637,4,rocky,no,high,17.93
1128,238,165,31.563157393571142,84.42414749268096,95.56224294850972,7,rocky,yes,low,16.06
1584,265,183,41.473512914920505,91.50924389207246,99.8563429841334,2,clay,yes,high,14.91
1576,268,109,48.31833686965413,87.72669181805867,104.12800800407862,5,sandy,yes,medium,13.31
1710,103,170,45.16829311793591,83.67263737554535,101.10363007818157,3,clay,no,high,17.71
1918,227,188,46.821791714952,83.78716138383002,100.46407074212132,6,sandy,no,low,12.99
1117,116,157,32.02872946340598,93.10736254112302,97.49744179229356,9,rocky,no,low,15.91
1035,83,157,53.78726775441968,70.35384341237877,98.43275489064449,2,sandy,no,medium,19.96
1133,299,180,50.96229584607562,60.03892329686656,103.52048415804693,5,sandy,yes,medium,15.35
1175,187,125,50.12725796239157,69.51840957893695,100.59218131768458,9,clay,yes,medium,13.13
1960,205,79,50.57459512604419,67.62619828693605,100.1474219375678,8,sandy,yes,low,10.83
1387,99,70,53.31776270331903,83.16421047898993,95.9957971354003,9,rocky,no,high,15.97
1312,267,83,43.60634915284244,82.17990599179352,95.16028156455123,0,sandy,no,high,15.41
1717,231,90,35.00705044669065,80.77114839466533,104.63685188687049,2,sandy,yes,medium,16.2
1672,129,100,45.41959019631353,60.56852051233088,98.76986167286842,1,sandy,yes,high,15.64
1069,256,131,48.572037341698476,85.50723190577267,101.03213062099505,7,clay,no,high,14.83
1597,258,107,48.44793483385064,71.3235644369922,95.79715073187285,6,sandy,yes,medium,13.57
1524,175,124,43.036225604172,83.27695961523209,101.83114285723046,1,sandy,yes,medium,14.65
1988,184,72,31.711467983339453,79.48024499757537,104.32566708705961,5,clay,no,low,14.42
804,243,177,39.2778234607532,71.99558238997675,100.75665252997419,2,clay,no,low,20.5
1650,196,199,53.01916521158393,64.71016934864377,96.2611532237541,7,clay,no,low,10.86
877,177,66,44.61122274393565,63.30466141811684,100.81721527473476,9,clay,yes,low,16.91
1373,145,118,43.45829858139284,89.10314165892783,102.66347213104652,2,rocky,no,high,19.29
931,158,157,36.721337859554836,92.14391397285453,99.06416536574018,9,rocky,yes,high,14.89
1400,241,188,39.211222997914476,82.74258163675049,103.79837747941468,8,sandy,yes,low,13.38
1865,243,143,52.383652228829234,63.62019402011692,101.48682953357364,0,rocky,no,low,14.63
888,85,64,46.6615761881709,74.07095259108843,103.99248918289203,4,sandy,yes,medium,21.08
1201,118,140,49.684675668808325,85.5128720036805,101.23505311247337,2,rocky,no,high,18.72
1095,249,82,41.35863557669138,87.29373094035239,96.31287972004824,5,clay,no,high,15.54
1415,194,174,45.75618048640395,64.1376517801881,98.0969171110519,9,clay,yes,low,13.63
1599,265,65,36.20959021858019,60.00107515958838,97.01794948252457,1,rocky,yes,high,15.7
1221,204,115,47.636520757087155,84.92479660582117,104.08826497716862,8,rocky,no,medium,13.54
1846,91,96,40.69003334258343,72.48086615951719,102.60400067287483,5,sandy,no,medium,14.71
1374,210,197,41.06363787036864,68.9068466066391,101.76398368910006,6,sandy,no,high,14.17
942,97,173,46.23305811442204,60.45141144263339,98.00966319631621,4,sandy,no,low,17.07
1792,119,50,53.407015536723165,78.91047923665249,96.84044772050214,8,clay,no,high,13.24
1464,100,136,31.600158665215524,89.79027573990936,102.56451087988911,0,clay,no,medium,19.31
944,222,177,50.61858093367519,93.51710761954058,99.7415794587908,4,clay,yes,low,18.26
1806,178,116,37.309577760304826,79.80107327146513,97.25789552150628,9,clay,yes,high,10.03
1302,105,53,41.09798636265945,78.0061464708963,101.16621978165276,5,sandy,yes,low,18.97
1620,87,96,30.547833219375224,62.97697349212344,95.40333852138453,6,clay,yes,low,17.5
903,179,87,37.526151945857826,79.21054805399099,98.26170254128253,3,clay,no,medium,17.83
1862,166,192,42.565781065753264,73.2992677637888,99.68556994591134,0,clay,yes,low,13.43
997,121,70,31.404401933685975,81.24973483092519,96.47958334109406,7,clay,yes,high,20.5
1378,251,106,42.27739323457913,73.60542217567914,104.8465447759084,9,rocky,no,low,11.63
1190,93,166,53.17776572146069,68.41046932076284,97.09097364589614,3,sandy,yes,low,20.9
1353,157,95,32.63483045269513,63.32378463299318,96.30353130043265,2,sandy,no,high,16.35
1838,81,191,49.11101820188761,71.02214556061135,97.03534873886896,6,clay,no,medium,13.46
1277,198,194,40.241776334399816,63.38256920007133,102.69061133159724,1,rocky,no,medium,16.92
1722,116,88,46.37934286310845,66.19139327883944,99.25505659271843,7,sandy,no,high,13.66
1219,148,186,36.505914949630736,94.5567655502841,100.65415939752538,5,sandy,no,high,17.44
956,245,148,33.987306563533956,75.54362449173165,95.21009156986361,6,clay,yes,medium,16.83
1349,120,126,34.011565356780665,78.61551182767558,95.34431308573315,4,clay,yes,low,17.54
1920,141,164,31.762298641078615,90.57664850580254,99.45825549827016,8,sandy,yes,high,11.47
1820,139,183,34.64116762253108,94.84491151717407,103.16655243201623,4,sandy,no,low,15.81
1796,204,140,46.605484624724205,80.39500572706385,103.85238878707565,4,rocky,yes,high,13.91
1750,190,147,52.042265296087706,88.43658373654601,95.8670656759564,2,sandy,yes,medium,14.66
1088,93,169,50.353142139779045,71.44293585178363,100.38363102101023,0,sandy,yes,low,20.6
995,296,95,47.12835774686211,70.7010385106552,104.1322968627927,1,clay,yes,low,18.25
1397,163,87,32.76079658527757,74.09463023480961,98.87972754397886,7,sandy,no,high,14.86
1316,209,191,37.229686157398746,83.53775419357771,103.29565831428368,0,clay,yes,low,18.23
1664,149,149,37.74517188306172,83.87670912392846,96.33695654399436,6,sandy,no,high,13.77
1941,224,121,36.24892365994053,71.03338021273078,104.35394489667799,4,sandy,no,medium,13.6
1605,202,84,42.875141492743076,64.662347344782,102.51423317531302,2,sandy,yes,low,15.53
1982,168,196,43.38884537199181,82.1338689762928,104.41334392786902,6,rocky,no,high,12.22
1614,107,79,38.922149379277755,64.49140517660676,101.76617233552507,8,clay,no,low,14.09
1027,145,127,38.8447289684109,80.24723778802655,98.63403931999427,1,rocky,no,high,20.83
1015,242,133,50.713889947652035,84.26977448197081,104.38181172524722,7,sandy,no,high,14.0
1747,84,162,49.73232120799214,84.52140237380581,97.75566776309178,8,rocky,no,high,13.26
814,272,74,37.69489579201864,86.37152387308589,98.32172522061732,2,clay,no,medium,20.31
1980,247,137,52.84471109683148,90.55007975479826,102.0080841800174,1,sandy,no,low,13.51
1980,283,63,53.82037542506265,77.4985647187676,102.65316299525387,6,rocky,yes,medium,10.56
846,263,151,38.16856355075102,85.55872163353499,104.29403483849154,4,rocky,yes,high,19.31
1123,243,199,38.86062371982637,81.67104573780429,97.0480240905621,4,clay,no,high,16.88
1643,124,132,42.64085383554897,66.5323978929189,102.97998035219224,9,rocky,no,medium,13.76
929,230,159,53.52802031334184,60.89913757042929,102.38546053396963,4,clay,yes,medium,16.89
894,126,180,51.907985828557784,69.95894849869268,95.63794556253598,3,sandy,yes,low,19.48
1426,110,68,32.564199064589744,75.50617972181668,98.87223141210207,4,sandy,yes,high,19.75
1554,218,77,39.818268581785404,81.59870805500297,97.82765457060098,3,rocky,yes,medium,15.37
1593,89,120,43.8342797437443,89.74857656761219,98.0449042435403,5,sandy,no,high,17.27
868,274,112,42.5783118137885,66.8686000847158,104.829468795547,3,sandy,no,high,17.84
810,197,122,34.84657669842232,64.3942426464467,101.42777413479928,1,rocky,yes,low,19.95
1671,93,173,51.47041927920387,93.72179816160147,102.176761577935,8,sandy,yes,low,13.33
1349,159,168,46.92351957492093,63.781559578174246,104.76617637315009,1,rocky,yes,low,17.36
1957,281,170,50.94770937129509,76.74718745375162,98.77201782457638,8,clay,yes,medium,7.73
1511,172,68,51.46910698373681,80.49473050776557,103.01840168452806,9,clay,no,high,14.06
822,89,191,48.708896341643495,78.94810473176034,99.34530963304495,5,clay,yes,medium,18.82
1614,155,169,40.980265031242936,63.011125496153014,103.6953367181498,8,rocky,yes,medium,12.77
1145,173,110,45.26366887538561,61.99594199012668,96.80657541311304,8,rocky,yes,low,16.42
1101,184,79,34.00913515299358,63.69191996113625,104.4768617706428,2,sandy,no,high,19.19
1162,80,58,46.84113543687269,80.49556893554144,97.1877170841088,0,sandy,no,high,22.88
1195,212,113,34.481331393482016,79.05207106720124,98.26220506980931,0,sandy,no,low,18.54
1017,99,169,47.34873976275392,68.18092772128605,102.5619223410678,2,sandy,yes,high,18.26
940,87,101,35.73995401884922,82.3220949645957,98.93755141565407,4,sandy,yes,low,20.25
1757,250,138,32.9387825037555,88.70236257194773,101.08211376766447,2,rocky,yes,medium,11.83
1784,283,191,34.132112253573936,61.45526359463078,99.44573501069428,8,rocky,no,medium,10.73
1792,80,102,30.049803380476757,77.43454802418148,102.42369937089782,8,clay,no,low,13.56
1627,136,127,47.96849044633825,84.12586442359415,97.2833125236861,2,clay,yes,medium,15.78
1482,143,90,48.31002622645948,68.83091744743905,95.58457987236876,2,clay,yes,medium,17.76
1803,197,117,42.87333374783149,70.77198168526022,97.99929397473066,4,clay,no,low,13.73
1155,291,57,34.03407002638459,81.47732660462843,99.7430866486843,1,rocky,yes,medium,17.64
1807,107,51,32.08885843776724,91.42773527053079,96.68020052192679,5,rocky,yes,high,14.21
1956,200,154,30.478224160932175,88.34735471060148,98.54797289656389,6,rocky,yes,medium,13.75
1687,186,174,34.14370442413052,80.40955766848542,98.99983018293568,8,sandy,no,low,13.19
926,244,159,52.27138837457866,85.55776012150372,95.57391843688274,5,sandy,yes,high,18.13
1929,254,135,36.03842104254204,72.76878645727295,100.83307248184204,2,clay,yes,high,12.66
1808,283,169,38.85678318043039,82.43379348345653,103.84343427971288,4,sandy,yes,medium,10.63
1403,244,176,32.63363711203333,76.3163556894645,96.51742912953053,3,rocky,yes,high,16.4
1813,128,65,35.55903261870426,66.64776477601463,100.97808013401514,4,clay,no,low,15.36
850,199,111,42.980614269505125,84.560839585704,101.64739204910846,7,clay,no,high,17.8
1852,123,162,45.193817077391316,79.47626230720877,99.19334680419288,7,sandy,no,medium,14.31
1578,135,61,36.13380785415528,72.5517553683757,102.0109758736427,5,clay,yes,medium,16.62
1613,235,84,31.44330398062793,91.89687165275208,99.10731543491012,0,sandy,no,high,17.47
1219,190,60,39.775821728184965,60.732694123935666,100.04637287977435,7,sandy,yes,low,15.91
1782,286,113,35.855084273158354,71.05206029373235,95.07353044554426,7,clay,no,low,9.52
1624,213,99,35.48884808074505,61.99084892221763,101.9172011413469,1,sandy,yes,medium,17.25
1824,187,198,53.99657006783638,86.82845606775695,101.61342678944725,3,sandy,no,medium,14.25
1366,268,118,45.4075121481431,84.57376089398274,95.38400877326345,1,sandy,no,low,16.77
1170,227,97,43.9219610793024,71.5973276557711,98.68250107395133,3,sandy,no,high,15.42
1735,193,69,40.394377588083046,83.64820157724756,104.79031840791667,9,clay,yes,high,12.27
1460,157,150,40.72360833575361,73.85780291685825,99.20736562568617,6,rocky,yes,high,16.28
1768,209,186,43.52262509595202,86.4688826997852,100.01945405131842,8,rocky,yes,high,10.61
1960,280,117,47.410745175902676,75.89642819578471,104.09930158159719,7,sandy,no,low,10.98
1001,116,84,47.55365240454574,74.4297904741083,102.17261875865756,8,sandy,yes,medium,17.17
1112,99,114,34.29234769263624,92.71554704209053,100.82070131124223,7,sandy,yes,medium,18.85
916,105,57,42.50281880191567,68.7807684961745,102.97804681341073,1,rocky,yes,high,21.25
1736,108,94,40.29895237585255,64.21565689987979,103.64366266455973,6,sandy,yes,low,14.75
1374,80,136,51.76317415673461,80.45900896408104,99.56888071737266,1,clay,yes,low,19.16
1043,198,125,45.785473030459414,93.92626342994626,99.75108364931836,1,clay,yes,high,18.03
1336,114,125,43.312601660399544,73.22437248045154,98.86050935651836,3,clay,no,high,18.05
874,277,96,32.88486605447294,62.171286727007356,104.66706140018461,0,rocky,no,high,16.81
1185,138,64,45.140947233085285,71.87568435583486,101.9716625429035,4,sandy,yes,medium,17.51
1274,148,154,32.93009764200583,77.70760790118455,95.83223066208072,5,sandy,no,high,17.43
1217,240,196,38.4301643891438,65.66730523212748,103.62959623313019,8,sandy,no,medium,14.29
1146,258,75,33.571049120358296,83.03357763197722,99.80559940836268,9,rocky,yes,low,15.02
1439,285,101,47.301841175609226,94.92122861535702,95.68753906422488,7,rocky,yes,low,11.47
1738,91,142,35.15630284590382,75.81088165935053,100.49717255163311,1,rocky,no,medium,18.5
1754,99,199,39.79648432970065,72.41549948555745,99.17164278975702,0,rocky,yes,medium,15.73
1675,260,70,52.39186944046946,74.02464583920633,103.77749404862625,1,clay,no,medium,15.33
1562,295,100,35.10790958497426,64.03011624383204,97.03994603609388,6,rocky,no,medium,11.53
1463,122,87,42.69512659896948,90.91457604991783,103.26464609492183,3,rocky,no,high,17.0
824,205,69,40.48179152915055,74.51889794324732,100.57688691185453,9,rocky,yes,low,15.6
1509,296,181,30.453101026143244,73.55460439986945,95.5461030321347,4,sandy,no,high,13.66
1984,129,104,49.81895283932032,83.0891595525666,104.71845301325484,6,sandy,yes,medium,12.64
976,108,141,31.726147657864992,75.47116973258932,100.126152441032,2,sandy,yes,high,21.2
1084,264,77,41.85637552442384,82.68817140827461,97.90876854231583,9,clay,yes,high,14.26
862,118,53,44.016957373473744,62.15062015457756,99.69406841989257,1,clay,yes,low,20.02
1802,263,199,45.710661415364676,88.48031703027796,103.57857783517488,6,rocky,yes,high,11.17
1461,250,125,47.21579073269689,92.9176383507791,98.04903124385064,4,sandy,no,low,12.8
1465,257,116,36.33180958806788,82.70678851557851,96.926763964867,0,clay,yes,medium,16.02
955,230,135,30.249469416461235,93.40980751005839,96.29071246930882,0,sandy,yes,high,19.9
1872,251,140,48.086091558872795,65.30013100294872,97.97859398390212,8,clay,yes,medium,9.31
1766,117,154,43.391414983689465,76.70956663181238,102.80048087040043,4,clay,yes,low,13.2
1648,163,50,50.90294258018122,81.06323568809066,99.71626365195262,0,rocky,yes,medium,18.76
1907,230,121,50.53470907251736,80.36078265974153,97.2748160369354,6,rocky,no,medium,12.92
1488,207,136,51.08315419469708,74.05116226811651,96.66184999609749,8,clay,yes,low,14.7
947,205,55,42.1273664994885,71.83295432781915,98.32729476510379,0,rocky,yes,medium,21.58
1141,124,194,38.34070989592164,64.43884078926466,104.39924372885709,9,clay,no,medium,14.59
1275,131,110,49.78895506478425,73.71098576967974,98.43026712590024,3,clay,yes,medium,17.19
1886,159,61,41.28235282573137,65.69312852869199,104.88124075954636,2,sandy,no,high,14.9
1360,257,55,34.58605491008586,85.70279867722765,99.85230455765357,4,rocky,no,medium,18.18
1126,203,76,51.37435048903686,67.30908274231065,96.7916391829015,6,rocky,no,low,15.66
1964,198,185,52.06399691930868,62.049785684958685,103.9114009179351,7,rocky,no,high,11.2
1789,87,173,41.657743903504254,79.3328148236032,99.60355373134827,1,sandy,yes,high,17.88
1014,164,155,31.892493182744687,80.83304064517905,102.09671343504525,6,sandy,yes,low,17.71
1234,208,142,39.69565224792328,90.5169571448177,104.83711583209151,0,sandy,no,medium,17.14
1751,87,158,50.08844148656509,80.19435643461887,95.50175350319974,6,rocky,no,high,13.99
1522,236,148,52.54435071365572,72.0918298803206,95.96694559787566,7,rocky,yes,high,12.2
831,175,191,35.086818562439895,88.10541585342122,102.20456741462756,1,rocky,no,high,21.64
